Gmt time,Open,High,Low,Close,Volume
29.01.2020 22:00:00.000,4351,4351,4194,4230,30080000.1025
30.01.2020 22:00:00.000,4252,4282,4220,4230,34000000.1937
31.01.2020 22:00:00.000,4230,4230,4230,4230,0
01.02.2020 22:00:00.000,4230,4230,4230,4230,0
02.02.2020 22:00:00.000,4055,4106,4045,4097,40190000.0572
03.02.2020 22:00:00.000,4058,4099,4058,4090,37229999.780600004
04.02.2020 22:00:00.000,4102,4134,4063,4096,37920000.3147
05.02.2020 22:00:00.000,4150,4270,4150,4242,38669999.361
06.02.2020 22:00:00.000,4271,4288,4222,4262,17890000.224
07.02.2020 22:00:00.000,4262,4262,4262,4262,0
08.02.2020 22:00:00.000,4262,4262,4262,4262,0
09.02.2020 22:00:00.000,4234,4298,4234,4257,32929999.8283
10.02.2020 22:00:00.000,4257,4257,4257,4257,0
11.02.2020 22:00:00.000,4296,4297,4229,4253,29609999.895199995
12.02.2020 22:00:00.000,4237,4243,4196,4205,34620000.1239
13.02.2020 22:00:00.000,4162,4169,4126,4158,28489999.532799996
14.02.2020 22:00:00.000,4158,4158,4158,4158,0
15.02.2020 22:00:00.000,4158,4158,4158,4158,0
16.02.2020 22:00:00.000,4106,4123,4071,4116,36009999.2752
17.02.2020 22:00:00.000,4073,4113,4042,4074,31320000.052499995
18.02.2020 22:00:00.000,4111,4171,4089,4155,39100000.3814
19.02.2020 22:00:00.000,4214,4245,4173,4192,36900000.0953
20.02.2020 22:00:00.000,4152,4202,4142,4177,33690000.5342
21.02.2020 22:00:00.000,4177,4177,4177,4177,0
22.02.2020 22:00:00.000,4177,4177,4177,4177,0
23.02.2020 22:00:00.000,4177,4177,4177,4177,0
24.02.2020 22:00:00.000,3941,4034,3931,4024,31379999.637600005
25.02.2020 22:00:00.000,3973,4014,3955,4004,48349999.4278
26.02.2020 22:00:00.000,3935,3946,3826,3870,38010000.228800006
27.02.2020 22:00:00.000,3788,3788,3610,3636,60639998.9128
28.02.2020 22:00:00.000,3636,3636,3636,3636,0
29.02.2020 22:00:00.000,3636,3636,3636,3636,0
01.03.2020 22:00:00.000,3566,3707,3566,3650,48709999.6805
02.03.2020 22:00:00.000,3746,3755,3602,3602,48110001.0872
03.03.2020 22:00:00.000,3540,3569,3528,3540,51669999.5996
04.03.2020 22:00:00.000,3651,3693,3631,3691,34650000.095400006
05.03.2020 22:00:00.000,3615,3641,3598,3625,46269999.504099995
06.03.2020 22:00:00.000,3625,3625,3625,3625,0
07.03.2020 22:00:00.000,3625,3625,3625,3625,0
08.03.2020 21:00:00.000,3461,3468,3286,3318,57400000.0953
09.03.2020 21:00:00.000,3233,3389,3151,3350,64010000.2288
10.03.2020 21:00:00.000,3375,3465,3244,3250,40550000.4292
11.03.2020 21:00:00.000,3172,3185,2993,3019,75940000.0573
12.03.2020 21:00:00.000,2775,2994,2721,2869,37710000.038100004
13.03.2020 21:00:00.000,2869,2869,2869,2869,0
14.03.2020 21:00:00.000,2869,2869,2869,2869,0
15.03.2020 21:00:00.000,2852,3044,2840,2863,21330000.0429
16.03.2020 21:00:00.000,2780,2962,2779,2896,33210000.514999997
17.03.2020 21:00:00.000,2910,2964,2736,2744,31889999.8664
18.03.2020 21:00:00.000,2750,2767,2575,2575,25789999.961900003
19.03.2020 21:00:00.000,2575,2575,2575,2575,0
20.03.2020 21:00:00.000,2575,2575,2575,2575,0
21.03.2020 21:00:00.000,2575,2575,2575,2575,0
22.03.2020 21:00:00.000,2583,2642,2535,2630,38790000.4387
23.03.2020 21:00:00.000,2634,2829,2616,2815,30669999.9571
24.03.2020 21:00:00.000,3077,3205,3012,3201,47900000.5722
25.03.2020 21:00:00.000,3110,3169,3091,3127,40959999.7997
26.03.2020 21:00:00.000,3256,3260,3152,3179,33609999.6567
27.03.2020 21:00:00.000,3179,3179,3179,3179,0
28.03.2020 21:00:00.000,3179,3179,3179,3179,0
29.03.2020 21:00:00.000,3072,3111,2973,3111,37429999.5899
30.03.2020 21:00:00.000,3153,3250,3131,3131,58769999.50400001
31.03.2020 21:00:00.000,3101,3211,3072,3080,16660000.1752
01.04.2020 21:00:00.000,2948,2997,2917,2967,33850000.1431
02.04.2020 21:00:00.000,2940,2989,2899,2929,26689999.8785
03.04.2020 21:00:00.000,2929,2929,2929,2929,0
04.04.2020 21:00:00.000,2929,2929,2929,2929,0
05.04.2020 21:00:00.000,2935,3075,2924,3047,48890000.1049
06.04.2020 21:00:00.000,3168,3210,3055,3146,51180000.305199996
07.04.2020 21:00:00.000,3138,3185,3062,3153,36209999.7997
08.04.2020 21:00:00.000,3191,3191,3130,3161,36640000.820099995
09.04.2020 21:00:00.000,3138,3138,3049,3123,29370000.123899996
10.04.2020 21:00:00.000,3123,3123,3123,3123,0
11.04.2020 21:00:00.000,3123,3123,3123,3123,0
12.04.2020 21:00:00.000,3060,3109,3054,3075,23829999.9237
13.04.2020 21:00:00.000,3063,3171,3062,3150,34209999.5613
14.04.2020 21:00:00.000,3142,3156,3115,3148,12529999.775899999
15.04.2020 21:00:00.000,3067,3067,3030,3060,20020000.1896
16.04.2020 21:00:00.000,3104,3165,3085,3108,31940000.2956
17.04.2020 21:00:00.000,3108,3108,3108,3108,0
18.04.2020 21:00:00.000,3108,3108,3108,3108,0
19.04.2020 21:00:00.000,3034,3090,3034,3069,23209999.919
20.04.2020 21:00:00.000,3034,3077,3023,3048,23480000.019
21.04.2020 21:00:00.000,2986,2987,2868,2889,29299999.9524
22.04.2020 21:00:00.000,2859,2920,2859,2896,24289999.7235
23.04.2020 21:00:00.000,2882,2913,2860,2910,21969999.7902
24.04.2020 21:00:00.000,2910,2910,2910,2910,0
25.04.2020 21:00:00.000,2910,2910,2910,2910,0
26.04.2020 21:00:00.000,2910,3048,2910,3042,25660000.0859
27.04.2020 21:00:00.000,2991,3062,2982,3056,25619999.6471
28.04.2020 21:00:00.000,3056,3056,3056,3056,0
29.04.2020 21:00:00.000,3204,3279,3180,3248,34789999.7234
30.04.2020 21:00:00.000,3197,3200,3078,3097,35230000.2575
01.05.2020 21:00:00.000,3097,3097,3097,3097,0
02.05.2020 21:00:00.000,3097,3097,3097,3097,0
03.05.2020 21:00:00.000,3097,3097,3097,3097,0
04.05.2020 21:00:00.000,3097,3097,3097,3097,0
05.05.2020 21:00:00.000,3097,3097,3097,3097,0
06.05.2020 21:00:00.000,3057,3085,3050,3075,29920000.076300003
07.05.2020 21:00:00.000,3110,3207,3110,3205,21819999.8588
08.05.2020 21:00:00.000,3205,3205,3205,3205,0
09.05.2020 21:00:00.000,3205,3205,3205,3205,0
10.05.2020 21:00:00.000,3236,3298,3236,3276,18909999.9666
11.05.2020 21:00:00.000,3242,3289,3214,3278,34189999.580400005
12.05.2020 21:00:00.000,3216,3235,3175,3220,33490000.009600002
13.05.2020 21:00:00.000,3184,3195,3082,3091,31399999.8569
14.05.2020 21:00:00.000,3137,3153,3061,3101,37740000.009500004
15.05.2020 21:00:00.000,3101,3101,3101,3101,0
16.05.2020 21:00:00.000,3101,3101,3101,3101,0
17.05.2020 21:00:00.000,3070,3122,3069,3105,28319999.5757
18.05.2020 21:00:00.000,3206,3277,3206,3247,34779999.97139999
19.05.2020 21:00:00.000,3219,3270,3201,3253,33289999.9619
20.05.2020 21:00:00.000,3290,3310,3232,3245,33460000.515
21.05.2020 21:00:00.000,3190,3237,3163,3202,27160001.0395
22.05.2020 21:00:00.000,3202,3202,3202,3202,0
23.05.2020 21:00:00.000,3202,3202,3202,3202,0
24.05.2020 21:00:00.000,3251,3268,3232,3263,21669999.480299994
25.05.2020 21:00:00.000,3301,3463,3295,3410,40939999.818799995
26.05.2020 21:00:00.000,3392,3472,3392,3438,32319999.9333
27.05.2020 21:00:00.000,3527,3616,3527,3581,46860000.133499995
28.05.2020 21:00:00.000,3485,3522,3412,3459,34900000.3338
29.05.2020 21:00:00.000,3459,3459,3459,3459,0
30.05.2020 21:00:00.000,3459,3459,3459,3459,0
31.05.2020 21:00:00.000,3459,3459,3459,3459,0
01.06.2020 21:00:00.000,3603,3682,3600,3640,34430000.782
02.06.2020 21:00:00.000,3713,3749,3641,3664,53800000.6676
03.06.2020 21:00:00.000,3707,3720,3630,3630,19430000.5529
04.06.2020 21:00:00.000,3689,3800,3689,3756,36330000.4006
05.06.2020 21:00:00.000,3756,3756,3756,3756,0
06.06.2020 21:00:00.000,3756,3756,3756,3756,0
07.06.2020 21:00:00.000,3828,3834,3739,3750,38529999.613800004
08.06.2020 21:00:00.000,3730,3765,3690,3755,38020000.2193
09.06.2020 21:00:00.000,3711,3753,3698,3712,26499999.761600003
10.06.2020 21:00:00.000,3587,3628,3517,3528,46259999.9905
11.06.2020 21:00:00.000,3401,3591,3401,3575,58189999.5804
12.06.2020 21:00:00.000,3575,3575,3575,3575,0
13.06.2020 21:00:00.000,3575,3575,3575,3575,0
14.06.2020 21:00:00.000,3504,3533,3421,3421,45380000.591299996
15.06.2020 21:00:00.000,3530,3618,3522,3588,38109999.8951
16.06.2020 21:00:00.000,3586,3601,3555,3572,30549999.961600002
17.06.2020 21:00:00.000,3498,3558,3486,3550,43180000.3051
18.06.2020 21:00:00.000,3522,3525,3465,3483,34609999.6567
19.06.2020 21:00:00.000,3483,3483,3483,3483,0
20.06.2020 21:00:00.000,3483,3483,3483,3483,0
21.06.2020 21:00:00.000,3454,3493,3441,3463,34679999.8283
22.06.2020 21:00:00.000,3499,3552,3441,3532,48560000.658099994
23.06.2020 21:00:00.000,3488,3511,3474,3475,24659999.847500004
24.06.2020 21:00:00.000,3396,3432,3377,3398,42950000.286
25.06.2020 21:00:00.000,3414,3456,3403,3443,35580000.0429
26.06.2020 21:00:00.000,3443,3443,3443,3443,0
27.06.2020 21:00:00.000,3443,3443,3443,3443,0
28.06.2020 21:00:00.000,3385,3403,3350,3399,41680000.5436
29.06.2020 21:00:00.000,3459,3476,3399,3400,30760000.4674
30.06.2020 21:00:00.000,3432,3437,3342,3351,32719999.551799998
01.07.2020 21:00:00.000,3309,3356,3284,3322,47190000.05719999
02.07.2020 21:00:00.000,3338,3399,3338,3386,5069999.9798
03.07.2020 21:00:00.000,3386,3386,3386,3386,0
04.07.2020 21:00:00.000,3386,3386,3386,3386,0
05.07.2020 21:00:00.000,3416,3507,3402,3488,36400000.0954
06.07.2020 21:00:00.000,3473,3491,3424,3452,32559999.942900002
07.07.2020 21:00:00.000,3416,3449,3394,3398,34059999.942700006
08.07.2020 21:00:00.000,3405,3420,3369,3384,31349999.9047
09.07.2020 21:00:00.000,3380,3381,3342,3346,33769999.74249999
10.07.2020 21:00:00.000,3346,3346,3346,3346,0
11.07.2020 21:00:00.000,3346,3346,3346,3346,0
12.07.2020 21:00:00.000,3346,3346,3346,3346,0
13.07.2020 21:00:00.000,3385,3412,3373,3401,28269999.7425
14.07.2020 21:00:00.000,3437,3476,3420,3450,44740000.247999996
15.07.2020 21:00:00.000,3409,3450,3387,3433,38599999.9047
16.07.2020 21:00:00.000,3521,3592,3509,3525,33700000.2861
17.07.2020 21:00:00.000,3525,3525,3525,3525,0
18.07.2020 21:00:00.000,3525,3525,3525,3525,0
19.07.2020 21:00:00.000,3555,3561,3484,3498,35200000.0477
20.07.2020 21:00:00.000,3529,3537,3448,3490,31970000.266999997
21.07.2020 21:00:00.000,3433,3439,3399,3400,24319999.6949
22.07.2020 21:00:00.000,3400,3400,3400,3400,0
23.07.2020 21:00:00.000,3400,3400,3400,3400,0
24.07.2020 21:00:00.000,3400,3400,3400,3400,0
25.07.2020 21:00:00.000,3400,3400,3400,3400,0
26.07.2020 21:00:00.000,3292,3353,3282,3334,30059999.9428
27.07.2020 21:00:00.000,3318,3331,3277,3279,34349999.904699996
28.07.2020 21:00:00.000,3231,3231,3171,3174,27929999.9474
29.07.2020 21:00:00.000,3147,3183,3135,3160,24910000.324199997
30.07.2020 21:00:00.000,3205,3221,3126,3126,49540000.4386
31.07.2020 21:00:00.000,3126,3126,3126,3126,0
01.08.2020 21:00:00.000,3126,3126,3126,3126,0
02.08.2020 21:00:00.000,3153,3274,3134,3268,40849999.6662
03.08.2020 21:00:00.000,3280,3296,3260,3289,22220000.3861
04.08.2020 21:00:00.000,3289,3391,3284,3384,38840000.391
05.08.2020 21:00:00.000,3384,3453,3379,3383,31889999.866499998
06.08.2020 21:00:00.000,3359,3364,3295,3319,28029999.9415
07.08.2020 21:00:00.000,3319,3319,3319,3319,0
08.08.2020 21:00:00.000,3319,3319,3319,3319,0
09.08.2020 21:00:00.000,3319,3319,3319,3319,0
10.08.2020 21:00:00.000,3402,3511,3401,3505,28590000.033299997
11.08.2020 21:00:00.000,3533,3570,3503,3560,17970000.294999998
12.08.2020 21:00:00.000,3584,3588,3541,3562,39120000.1241
13.08.2020 21:00:00.000,3552,3586,3547,3547,40820000.1716
14.08.2020 21:00:00.000,3547,3547,3547,3547,0
15.08.2020 21:00:00.000,3547,3547,3547,3547,0
16.08.2020 21:00:00.000,3550,3600,3543,3597,34570000.1717
17.08.2020 21:00:00.000,3535,3561,3497,3531,35319999.9332
18.08.2020 21:00:00.000,3490,3560,3487,3524,37409999.609
19.08.2020 21:00:00.000,3480,3591,3479,3547,48379999.637600005
20.08.2020 21:00:00.000,3588,3608,3545,3550,25589999.914100002
21.08.2020 21:00:00.000,3550,3550,3550,3550,0
22.08.2020 21:00:00.000,3550,3550,3550,3550,0
23.08.2020 21:00:00.000,3519,3519,3472,3502,29079999.446900003
24.08.2020 21:00:00.000,3551,3613,3549,3580,36739999.5327
25.08.2020 21:00:00.000,3526,3558,3522,3533,27759999.9905
26.08.2020 21:00:00.000,3538,3570,3522,3532,29840000.0334
27.08.2020 21:00:00.000,3540,3601,3493,3520,27549999.267
28.08.2020 21:00:00.000,3520,3520,3520,3520,0
29.08.2020 21:00:00.000,3520,3520,3520,3520,0
30.08.2020 21:00:00.000,3542,3575,3528,3529,34590000.3909
31.08.2020 21:00:00.000,3497,3497,3407,3453,36110000.133499995
01.09.2020 21:00:00.000,3469,3480,3440,3477,30129999.8761
02.09.2020 21:00:00.000,3527,3556,3520,3545,35640000.3433
03.09.2020 21:00:00.000,3511,3558,3497,3552,41069999.456300005
04.09.2020 21:00:00.000,3552,3552,3552,3552,0
05.09.2020 21:00:00.000,3552,3552,3552,3552,0
06.09.2020 21:00:00.000,3553,3581,3545,3568,10480000.266800001
07.09.2020 21:00:00.000,3581,3608,3576,3601,28279999.971300002
08.09.2020 21:00:00.000,3584,3624,3562,3614,47109999.4183
09.09.2020 21:00:00.000,3643,3712,3635,3709,33019999.980900005
10.09.2020 21:00:00.000,3705,3717,3670,3701,35490000.0096
11.09.2020 21:00:00.000,3701,3701,3701,3701,0
12.09.2020 21:00:00.000,3701,3701,3701,3701,0
13.09.2020 21:00:00.000,3767,3775,3742,3761,23529999.9714
14.09.2020 21:00:00.000,3716,3788,3712,3766,24290000.200200003
15.09.2020 21:00:00.000,3713,3732,3691,3703,25890000.104799993
16.09.2020 21:00:00.000,3684,3725,3678,3679,38079999.68529999
17.09.2020 21:00:00.000,3679,3703,3665,3666,27980000.028300002
18.09.2020 21:00:00.000,3666,3666,3666,3666,0
19.09.2020 21:00:00.000,3666,3666,3666,3666,0
20.09.2020 21:00:00.000,3666,3666,3666,3666,0
21.09.2020 21:00:00.000,3666,3666,3666,3666,0
22.09.2020 21:00:00.000,3614,3708,3614,3694,37769999.7426
23.09.2020 21:00:00.000,3623,3630,3564,3570,25090000.390900005
24.09.2020 21:00:00.000,3587,3625,3571,3609,34809999.9429
25.09.2020 21:00:00.000,3609,3609,3609,3609,0
26.09.2020 21:00:00.000,3609,3609,3609,3609,0
27.09.2020 21:00:00.000,3654,3723,3641,3721,28779999.733
28.09.2020 21:00:00.000,3709,3709,3662,3673,31100000.1432
29.09.2020 21:00:00.000,3616,3639,3549,3549,31379999.876000002
30.09.2020 21:00:00.000,3549,3549,3549,3549,0
01.10.2020 21:00:00.000,3556,3591,3496,3510,27510000.3481
02.10.2020 21:00:00.000,3510,3510,3510,3510,0
03.10.2020 21:00:00.000,3510,3510,3510,3510,0
04.10.2020 21:00:00.000,3587,3647,3564,3646,27769999.504
05.10.2020 21:00:00.000,3660,3690,3650,3686,27389999.9858
06.10.2020 21:00:00.000,3650,3675,3639,3671,12490000.1977
07.10.2020 21:00:00.000,3664,3691,3651,3678,27970000.505500004
08.10.2020 21:00:00.000,3692,3693,3639,3646,28080000.1622
09.10.2020 21:00:00.000,3646,3646,3646,3646,0
10.10.2020 21:00:00.000,3646,3646,3646,3646,0
11.10.2020 21:00:00.000,3610,3623,3591,3593,19080000.0428
12.10.2020 21:00:00.000,3628,3643,3603,3625,24140000.2241
13.10.2020 21:00:00.000,3586,3590,3553,3557,24900000.0954
14.10.2020 21:00:00.000,3555,3570,3524,3555,22900000.333799995
15.10.2020 21:00:00.000,3589,3603,3553,3553,30289999.961900003
16.10.2020 21:00:00.000,3553,3553,3553,3553,0
17.10.2020 21:00:00.000,3553,3553,3553,3553,0
18.10.2020 21:00:00.000,3587,3610,3581,3596,22199999.8093
19.10.2020 21:00:00.000,3563,3569,3521,3533,23140000.224099997
20.10.2020 21:00:00.000,3564,3610,3564,3607,16810000.479199998
21.10.2020 21:00:00.000,3570,3586,3540,3544,16090000.0185
22.10.2020 21:00:00.000,3567,3655,3543,3651,23159999.966700003
23.10.2020 21:00:00.000,3651,3651,3651,3651,0
24.10.2020 21:00:00.000,3651,3651,3651,3651,0
25.10.2020 21:00:00.000,3696,3696,3653,3672,27800000.1908
26.10.2020 21:00:00.000,3624,3639,3574,3638,27759999.901100002
27.10.2020 21:00:00.000,3579,3588,3547,3561,27620000.124000005
28.10.2020 21:00:00.000,3603,3712,3591,3707,40259999.2752
29.10.2020 21:00:00.000,3670,3670,3480,3499,29470000.0286
30.10.2020 21:00:00.000,3499,3499,3499,3499,0
31.10.2020 21:00:00.000,3499,3499,3499,3499,0
01.11.2020 22:00:00.000,3533,3588,3510,3514,30340000.152499996
02.11.2020 22:00:00.000,3514,3514,3514,3514,0
03.11.2020 22:00:00.000,3599,3646,3567,3609,27560000.225800004
04.11.2020 22:00:00.000,3564,3580,3524,3564,35819999.694800004
05.11.2020 22:00:00.000,3543,3578,3535,3568,41910000.3244
06.11.2020 22:00:00.000,3568,3568,3568,3568,0
07.11.2020 22:00:00.000,3568,3568,3568,3568,0
08.11.2020 22:00:00.000,3567,3601,3556,3594,37359999.4183
09.11.2020 22:00:00.000,3720,3933,3720,3884,44990000.48639999
10.11.2020 22:00:00.000,3981,4081,3976,4071,37470000.2671
11.11.2020 22:00:00.000,4037,4073,3983,4017,50037500.3815
12.11.2020 22:00:00.000,3941,3961,3873,3889,45224999.9046
13.11.2020 22:00:00.000,3889,3889,3889,3889,0
14.11.2020 22:00:00.000,3889,3889,3889,3889,0
15.11.2020 22:00:00.000,3838,3895,3838,3870,41182499.8855
16.11.2020 22:00:00.000,3989,4002,3939,3971,38245000.36229999
17.11.2020 22:00:00.000,3942,4003,3932,3968,44759999.51360001
18.11.2020 22:00:00.000,3911,3966,3865,3961,45342500.6866
19.11.2020 22:00:00.000,3942,3963,3909,3960,20927500.0246
20.11.2020 22:00:00.000,3960,3960,3960,3960,0
21.11.2020 22:00:00.000,3960,3960,3960,3960,0
22.11.2020 22:00:00.000,3960,3960,3960,3960,0
23.11.2020 22:00:00.000,3999,4023,3966,3980,30977499.9618
24.11.2020 22:00:00.000,4043,4086,3993,3999,36897499.7997
25.11.2020 22:00:00.000,3958,4061,3958,4060,36512500.762899995
26.11.2020 22:00:00.000,4034,4116,4034,4083,36962499.8571
27.11.2020 22:00:00.000,4083,4083,4083,4083,0
28.11.2020 22:00:00.000,4083,4083,4083,4083,0
29.11.2020 22:00:00.000,4046,4053,3943,3943,16084999.799800001
30.11.2020 22:00:00.000,3901,3979,3901,3961,32050000.4291
01.12.2020 22:00:00.000,4023,4028,3997,4007,28945000.410099998
02.12.2020 22:00:00.000,4020,4079,4020,4062,41852499.7234
03.12.2020 22:00:00.000,4016,4097,4016,4095,30112499.5948
04.12.2020 22:00:00.000,4095,4095,4095,4095,0
05.12.2020 22:00:00.000,4095,4095,4095,4095,0
06.12.2020 22:00:00.000,4141,4141,4067,4067,28889999.866600003
07.12.2020 22:00:00.000,4061,4083,4034,4034,37300000.4292
08.12.2020 22:00:00.000,4128,4218,4121,4217,2917500.0675
09.12.2020 22:00:00.000,4216,4287,4202,4209,25400000.4531
10.12.2020 22:00:00.000,4204,4204,4124,4140,39212500.0954
11.12.2020 22:00:00.000,4140,4140,4140,4140,0
12.12.2020 22:00:00.000,4140,4140,4140,4140,0
13.12.2020 22:00:00.000,4175,4216,4172,4178,25497499.9428
14.12.2020 22:00:00.000,4152,4175,4123,4167,26524999.8569
15.12.2020 22:00:00.000,4200,4209,4167,4186,26805000.3052
16.12.2020 22:00:00.000,4204,4225,4186,4189,28512500.882099997
17.12.2020 22:00:00.000,4197,4220,4181,4205,22679999.9476
18.12.2020 22:00:00.000,4205,4205,4205,4205,0
19.12.2020 22:00:00.000,4205,4205,4205,4205,0
20.12.2020 22:00:00.000,4233,4258,4156,4176,39617499.8284
21.12.2020 22:00:00.000,4082,4104,4026,4038,35380000.5911
22.12.2020 22:00:00.000,4015,4029,3977,4006,24349999.9642
23.12.2020 22:00:00.000,4046,4061,4027,4039,27270000.4577
24.12.2020 22:00:00.000,4039,4039,4039,4039,0
25.12.2020 22:00:00.000,4039,4039,4039,4039,0
26.12.2020 22:00:00.000,4039,4039,4039,4039,0
27.12.2020 22:00:00.000,4039,4053,3996,4044,18992499.6793
28.12.2020 22:00:00.000,4058,4087,4027,4058,29817499.9357
29.12.2020 22:00:00.000,4070,4096,4044,4069,9507499.709800001
30.12.2020 22:00:00.000,4069,4069,4069,4069,0
31.12.2020 22:00:00.000,4069,4069,4069,4069,0
01.01.2021 22:00:00.000,4069,4069,4069,4069,0
02.01.2021 22:00:00.000,4069,4069,4069,4069,0
03.01.2021 22:00:00.000,4091,4091,3966,4022,32322500.4674
04.01.2021 22:00:00.000,4034,4093,4025,4084,23437499.7615
05.01.2021 22:00:00.000,4050,4098,4046,4079,27947499.990399998
06.01.2021 22:00:00.000,4186,4315,4186,4296,39587499.3801
07.01.2021 22:00:00.000,4281,4322,4258,4314,33042500.495899998
08.01.2021 22:00:00.000,4314,4314,4314,4314,0
09.01.2021 22:00:00.000,4314,4314,4314,4314,0
10.01.2021 22:00:00.000,4314,4314,4314,4314,0
11.01.2021 22:00:00.000,4337,4370,4295,4361,24587499.9762
12.01.2021 22:00:00.000,4319,4363,4319,4324,35050000.1907
13.01.2021 22:00:00.000,4304,4370,4304,4339,46340000.152600005
14.01.2021 22:00:00.000,4332,4373,4313,4344,52752500.534099996
15.01.2021 22:00:00.000,4344,4344,4344,4344,0
16.01.2021 22:00:00.000,4344,4344,4344,4344,0
17.01.2021 22:00:00.000,4323,4337,4265,4279,44085000.753400005
18.01.2021 22:00:00.000,4268,4394,4268,4385,36147499.9189
19.01.2021 22:00:00.000,4369,4380,4327,4366,30140000.1049
20.01.2021 22:00:00.000,4384,4400,4352,4361,31820000.648500003
21.01.2021 22:00:00.000,4300,4362,4295,4358,34780000.805800006
22.01.2021 22:00:00.000,4358,4358,4358,4358,0
23.01.2021 22:00:00.000,4358,4358,4358,4358,0
24.01.2021 22:00:00.000,4367,4419,4343,4400,27390000.462399997
25.01.2021 22:00:00.000,4386,4406,4375,4380,25414999.9618
26.01.2021 22:00:00.000,4362,4424,4346,4421,25925000.1907
27.01.2021 22:00:00.000,4296,4433,4295,4432,27219999.723199997
28.01.2021 22:00:00.000,4380,4409,4293,4311,53740001.2015
29.01.2021 22:00:00.000,4311,4311,4311,4311,0
30.01.2021 22:00:00.000,4311,4311,4311,4311,0
31.01.2021 22:00:00.000,4321,4468,4313,4467,16497500.257699998
01.02.2021 22:00:00.000,4455,4489,4410,4465,33222500.3242
02.02.2021 22:00:00.000,4493,4562,4482,4554,34634999.5136
03.02.2021 22:00:00.000,4579,4777,4579,4771,46927499.294300005
04.02.2021 22:00:00.000,4805,4882,4804,4846,31115000.2479
05.02.2021 22:00:00.000,4846,4846,4846,4846,0
06.02.2021 22:00:00.000,4846,4846,4846,4846,0
07.02.2021 22:00:00.000,4884,4998,4876,4990,47712500.81049999
08.02.2021 22:00:00.000,4941,4941,4801,4843,49437500.9536
09.02.2021 22:00:00.000,4812,4941,4810,4934,38055000.543500006
10.02.2021 22:00:00.000,4934,4934,4934,4934,0
11.02.2021 22:00:00.000,4957,4957,4834,4893,28497499.9428
12.02.2021 22:00:00.000,4893,4893,4893,4893,0
13.02.2021 22:00:00.000,4893,4893,4893,4893,0
14.02.2021 22:00:00.000,4890,4915,4835,4845,36522499.7997
15.02.2021 22:00:00.000,4828,4889,4825,4883,30647499.5613
16.02.2021 22:00:00.000,4917,4982,4883,4968,29189999.580399998
17.02.2021 22:00:00.000,4916,4957,4793,4802,37097499.58669999
18.02.2021 22:00:00.000,4759,4890,4759,4848,33852500.4387
19.02.2021 22:00:00.000,4848,4848,4848,4848,0
20.02.2021 22:00:00.000,4848,4848,4848,4848,0
21.02.2021 22:00:00.000,4935,4992,4915,4932,31712499.8569
22.02.2021 22:00:00.000,4932,4932,4932,4932,0
23.02.2021 22:00:00.000,4988,5098,4954,4963,29412500.5603
24.02.2021 22:00:00.000,5073,5148,5053,5141,17515000.2241
25.02.2021 22:00:00.000,5053,5055,4875,4881,51182500.362399995
26.02.2021 22:00:00.000,4881,4881,4881,4881,0
27.02.2021 22:00:00.000,4881,4881,4881,4881,0
28.02.2021 22:00:00.000,4980,5089,4961,5084,11260000.0352
01.03.2021 22:00:00.000,5093,5093,4983,5047,18139999.6281
02.03.2021 22:00:00.000,5046,5143,5032,5143,11027499.9441
03.03.2021 22:00:00.000,5137,5177,5088,5155,18819999.9333
04.03.2021 22:00:00.000,5149,5250,5109,5241,11860000.062800001
05.03.2021 22:00:00.000,5241,5241,5241,5241,0
06.03.2021 22:00:00.000,5241,5241,5241,5241,0
07.03.2021 22:00:00.000,5263,5329,5221,5274,20134999.8711
08.03.2021 22:00:00.000,5369,5369,5222,5265,16004999.8163
09.03.2021 22:00:00.000,5143,5242,5113,5228,18652500.1525
10.03.2021 22:00:00.000,5205,5288,5205,5230,13855000.1383
11.03.2021 22:00:00.000,5249,5351,5242,5345,16992500.066800002
12.03.2021 22:00:00.000,5345,5345,5345,5345,0
13.03.2021 22:00:00.000,5345,5345,5345,5345,0
14.03.2021 21:00:00.000,5364,5402,5347,5392,10722499.8474
15.03.2021 21:00:00.000,5373,5410,5365,5387,16279999.852199998
16.03.2021 21:00:00.000,5372,5417,5371,5408,12332499.9809
17.03.2021 21:00:00.000,5442,5449,5380,5393,14205000.1621
18.03.2021 21:00:00.000,5293,5439,5293,5414,21930000.3052
19.03.2021 21:00:00.000,5414,5414,5414,5414,0
20.03.2021 21:00:00.000,5414,5414,5414,5414,0
21.03.2021 21:00:00.000,5362,5446,5356,5410,10720000.147699999
22.03.2021 21:00:00.000,5419,5419,5294,5299,9565000.1765
23.03.2021 21:00:00.000,5231,5296,5190,5194,12964999.9142
24.03.2021 21:00:00.000,5250,5363,5250,5338,16192500.0102
25.03.2021 21:00:00.000,5465,5511,5381,5399,12517499.864
26.03.2021 21:00:00.000,5399,5399,5399,5399,0
27.03.2021 21:00:00.000,5399,5399,5399,5399,0
28.03.2021 21:00:00.000,5438,5438,5279,5330,22884999.8712
29.03.2021 21:00:00.000,5320,5397,5320,5391,8920000.0167
30.03.2021 21:00:00.000,5339,5397,5016,5016,11290000.081
31.03.2021 21:00:00.000,5097,5103,4890,4929,17592499.7329
01.04.2021 21:00:00.000,4884,4968,4884,4948,15077499.9857
02.04.2021 21:00:00.000,4948,4948,4948,4948,0
03.04.2021 21:00:00.000,4948,4948,4948,4948,0
04.04.2021 21:00:00.000,4874,4917,4838,4896,19879999.995100003
05.04.2021 21:00:00.000,4918,4997,4896,4935,28379999.876000002
06.04.2021 21:00:00.000,4929,5046,4926,5046,15077500.104799999
07.04.2021 21:00:00.000,5057,5072,4964,4994,17052500.009600002
08.04.2021 21:00:00.000,5074,5157,5056,5143,10797500.1334
09.04.2021 21:00:00.000,5143,5143,5143,5143,0
10.04.2021 21:00:00.000,5143,5143,5143,5143,0
11.04.2021 21:00:00.000,5168,5172,5083,5088,7622500.1066
12.04.2021 21:00:00.000,5210,5280,5198,5246,11012499.749599999
13.04.2021 21:00:00.000,5180,5183,5110,5132,9892499.9684
14.04.2021 21:00:00.000,5121,5183,5109,5123,13119999.826000001
15.04.2021 21:00:00.000,5157,5185,5122,5167,14005000.2336
16.04.2021 21:00:00.000,5167,5167,5167,5167,0
17.04.2021 21:00:00.000,5167,5167,5167,5167,0
18.04.2021 21:00:00.000,5174,5218,5161,5192,13127499.938000001
19.04.2021 21:00:00.000,5101,5101,5023,5051,12692500.0548
20.04.2021 21:00:00.000,4964,4996,4913,4967,32314999.818900004
21.04.2021 21:00:00.000,5016,5115,5016,5113,13360000.252700001
22.04.2021 21:00:00.000,5111,5146,5100,5138,12445000.1717
23.04.2021 21:00:00.000,5138,5138,5138,5138,0
24.04.2021 21:00:00.000,5138,5138,5138,5138,0
25.04.2021 21:00:00.000,5162,5198,5157,5170,10065000.027400002
26.04.2021 21:00:00.000,5159,5159,5066,5073,6695000.0226
27.04.2021 21:00:00.000,5154,5179,5104,5113,12982499.7187
28.04.2021 21:00:00.000,5113,5113,5113,5113,0
29.04.2021 21:00:00.000,5337,5475,5331,5400,8915000.0215
30.04.2021 21:00:00.000,5400,5400,5400,5400,0
01.05.2021 21:00:00.000,5400,5400,5400,5400,0
02.05.2021 21:00:00.000,5400,5400,5400,5400,0
03.05.2021 21:00:00.000,5400,5400,5400,5400,0
04.05.2021 21:00:00.000,5400,5400,5400,5400,0
05.05.2021 21:00:00.000,5487,5503,5362,5385,18035000.0859
06.05.2021 21:00:00.000,5382,5504,5372,5472,21987500.429100003
07.05.2021 21:00:00.000,5472,5472,5472,5472,0
08.05.2021 21:00:00.000,5472,5472,5472,5472,0
09.05.2021 21:00:00.000,5484,5499,5356,5374,9680000.171
10.05.2021 21:00:00.000,5303,5336,5251,5262,17797500.133399997
11.05.2021 21:00:00.000,5392,5406,5310,5383,25137499.5709
12.05.2021 21:00:00.000,5268,5355,5245,5251,35115000.128800005
13.05.2021 21:00:00.000,5327,5389,5307,5384,26357499.718599997
14.05.2021 21:00:00.000,5384,5384,5384,5384,0
15.05.2021 21:00:00.000,5384,5384,5384,5384,0
16.05.2021 21:00:00.000,5451,5451,5354,5382,27247500.1811
17.05.2021 21:00:00.000,5424,5493,5378,5482,21879999.9952
18.05.2021 21:00:00.000,5392,5407,5347,5400,37462500.572299995
19.05.2021 21:00:00.000,5394,5449,5385,5395,29747500.181199998
20.05.2021 21:00:00.000,5432,5534,5422,5507,22357499.837800004
21.05.2021 21:00:00.000,5507,5507,5507,5507,0
22.05.2021 21:00:00.000,5507,5507,5507,5507,0
23.05.2021 21:00:00.000,5576,5676,5569,5640,19547499.8952
24.05.2021 21:00:00.000,5703,5718,5638,5642,12922500.133500002
25.05.2021 21:00:00.000,5661,5718,5636,5680,12944999.9928
26.05.2021 21:00:00.000,5622,5633,5566,5619,17574999.9882
27.05.2021 21:00:00.000,5796,5819,5749,5805,19170000.0763
28.05.2021 21:00:00.000,5805,5805,5805,5805,0
29.05.2021 21:00:00.000,5805,5805,5805,5805,0
30.05.2021 21:00:00.000,5800,5800,5718,5735,22410000.3243
31.05.2021 21:00:00.000,5753,5857,5731,5852,19639999.7473
01.06.2021 21:00:00.000,5877,5894,5844,5854,24517500.5198
02.06.2021 21:00:00.000,5873,5983,5873,5940,22209999.9786
03.06.2021 21:00:00.000,5989,6077,5969,6058,19672499.8951
04.06.2021 21:00:00.000,6058,6058,6058,6058,0
05.06.2021 21:00:00.000,6058,6058,6058,6058,0
06.06.2021 21:00:00.000,6055,6129,6016,6074,11472499.8474
07.06.2021 21:00:00.000,6065,6096,6037,6092,11572499.930800002
08.06.2021 21:00:00.000,6090,6170,6067,6157,11787499.9046
09.06.2021 21:00:00.000,6135,6151,6065,6069,13084999.8594
10.06.2021 21:00:00.000,6001,6048,5966,5985,14659999.7878
11.06.2021 21:00:00.000,5985,5985,5985,5985,0
12.06.2021 21:00:00.000,5985,5985,5985,5985,0
13.06.2021 21:00:00.000,6018,6049,5999,6032,12542499.899999999
14.06.2021 21:00:00.000,6011,6110,6003,6102,18289999.9619
15.06.2021 21:00:00.000,6172,6268,6172,6253,10934999.942699999
16.06.2021 21:00:00.000,6208,6237,6178,6179,9700000.1073
17.06.2021 21:00:00.000,6163,6193,6143,6145,11527499.9738
18.06.2021 21:00:00.000,6145,6145,6145,6145,0
19.06.2021 21:00:00.000,6145,6145,6145,6145,0
20.06.2021 21:00:00.000,5982,6026,5879,5885,32102500.4387
21.06.2021 21:00:00.000,6083,6267,6077,6262,21767500.4005
22.06.2021 21:00:00.000,6230,6262,6187,6191,11077499.896300001
23.06.2021 21:00:00.000,6142,6175,6135,6158,12157499.909400001
24.06.2021 21:00:00.000,6240,6414,6237,6407,17414999.9618
25.06.2021 21:00:00.000,6407,6407,6407,6407,0
26.06.2021 21:00:00.000,6407,6407,6407,6407,0
27.06.2021 21:00:00.000,6476,6519,6423,6486,9145000.182
28.06.2021 21:00:00.000,6431,6504,6421,6446,20574999.8092
29.06.2021 21:00:00.000,6460,6469,6360,6360,30900000.2145
30.06.2021 21:00:00.000,6424,6424,6317,6352,35660000.5627
01.07.2021 21:00:00.000,6388,6480,6373,6480,24282499.790200002
02.07.2021 21:00:00.000,6480,6480,6480,6480,0
03.07.2021 21:00:00.000,6480,6480,6480,6480,0
04.07.2021 21:00:00.000,6444,6587,6444,6561,34435000.181200005
05.07.2021 21:00:00.000,6598,6623,6531,6539,34180000.0668
06.07.2021 21:00:00.000,6499,6528,6428,6444,22017499.834400002
07.07.2021 21:00:00.000,6478,6565,6464,6500,25077500.1048
08.07.2021 21:00:00.000,6433,6576,6421,6570,40734999.894999996
09.07.2021 21:00:00.000,6570,6570,6570,6570,0
10.07.2021 21:00:00.000,6570,6570,6570,6570,0
11.07.2021 21:00:00.000,6699,6746,6695,6725,11257499.9631
12.07.2021 21:00:00.000,6801,6848,6781,6827,18987500.3099
13.07.2021 21:00:00.000,6720,6771,6617,6617,16934999.674599998
14.07.2021 21:00:00.000,6365,6462,6346,6392,31847499.847400002
15.07.2021 21:00:00.000,6450,6583,6450,6548,31532500.266900003
16.07.2021 21:00:00.000,6548,6548,6548,6548,0
17.07.2021 21:00:00.000,6548,6548,6548,6548,0
18.07.2021 21:00:00.000,6412,6418,6327,6338,11689999.997699998
19.07.2021 21:00:00.000,6230,6327,6225,6264,30795000.3147
20.07.2021 21:00:00.000,6399,6419,6307,6307,30565000.5341
21.07.2021 21:00:00.000,6307,6307,6307,6307,0
22.07.2021 21:00:00.000,6307,6307,6307,6307,0
23.07.2021 21:00:00.000,6307,6307,6307,6307,0
24.07.2021 21:00:00.000,6307,6307,6307,6307,0
25.07.2021 21:00:00.000,6490,6524,6460,6492,36214999.6757
26.07.2021 21:00:00.000,6500,6543,6494,6499,25994999.8855
27.07.2021 21:00:00.000,6432,6493,6421,6445,44317500.1145
28.07.2021 21:00:00.000,6442,6442,6382,6397,32814999.818800006
29.07.2021 21:00:00.000,6471,6484,6293,6298,29637499.6901
30.07.2021 21:00:00.000,6298,6298,6298,6298,0
31.07.2021 21:00:00.000,6298,6298,6298,6298,0
01.08.2021 21:00:00.000,6092,6272,6089,6181,35500001.073
02.08.2021 21:00:00.000,6145,6169,6085,6113,12490000.009599999
03.08.2021 21:00:00.000,6168,6182,6071,6084,16749999.940399999
04.08.2021 21:00:00.000,6064,6112,6004,6096,35312499.999900006
05.08.2021 21:00:00.000,6069,6109,6053,6069,21159999.8475
06.08.2021 21:00:00.000,6069,6069,6069,6069,0
07.08.2021 21:00:00.000,6069,6069,6069,6069,0
08.08.2021 21:00:00.000,6069,6069,6069,6069,0
09.08.2021 21:00:00.000,6008,6105,6008,6078,14140000.224100001
10.08.2021 21:00:00.000,6144,6236,6109,6234,11684999.8235
11.08.2021 21:00:00.000,6325,6341,6275,6283,12060000.061900001
12.08.2021 21:00:00.000,6239,6332,6219,6308,11625000.1192
13.08.2021 21:00:00.000,6308,6308,6308,6308,0
14.08.2021 21:00:00.000,6308,6308,6308,6308,0
15.08.2021 21:00:00.000,6335,6347,6184,6231,15832500.0107
16.08.2021 21:00:00.000,6242,6283,6225,6237,15712499.856999999
17.08.2021 21:00:00.000,6209,6231,6181,6188,7932500.079299999
18.08.2021 21:00:00.000,6128,6144,6020,6022,16262499.7198
19.08.2021 21:00:00.000,6027,6066,5927,5940,28650000.2742
20.08.2021 21:00:00.000,5940,5940,5940,5940,0
21.08.2021 21:00:00.000,5940,5940,5940,5940,0
22.08.2021 21:00:00.000,6033,6118,6013,6106,10287499.7854
23.08.2021 21:00:00.000,6108,6186,6108,6118,14414999.8798
24.08.2021 21:00:00.000,6180,6229,6152,6183,31992500.305199996
25.08.2021 21:00:00.000,6118,6124,6056,6064,29264999.7473
26.08.2021 21:00:00.000,6022,6050,5995,6039,22749999.553
27.08.2021 21:00:00.000,6039,6039,6039,6039,0
28.08.2021 21:00:00.000,6039,6039,6039,6039,0
29.08.2021 21:00:00.000,6128,6201,6102,6167,22789999.7235
30.08.2021 21:00:00.000,6124,6137,6066,6085,29422500.491200004
31.08.2021 21:00:00.000,6153,6175,6111,6169,13862499.594699997
01.09.2021 21:00:00.000,6208,6250,6165,6197,11397499.919
02.09.2021 21:00:00.000,6271,6500,6271,6494,18440000.0572
03.09.2021 21:00:00.000,6494,6494,6494,6494,0
04.09.2021 21:00:00.000,6494,6494,6494,6494,0
05.09.2021 21:00:00.000,6670,6677,6539,6600,12172499.8951
06.09.2021 21:00:00.000,6625,6655,6530,6550,17219999.9095
07.09.2021 21:00:00.000,6518,6603,6515,6600,12827500.224
08.09.2021 21:00:00.000,6573,6601,6541,6550,12147499.8893
09.09.2021 21:00:00.000,6597,6610,6530,6550,24409999.609000005
10.09.2021 21:00:00.000,6550,6550,6550,6550,0
11.09.2021 21:00:00.000,6550,6550,6550,6550,0
12.09.2021 21:00:00.000,6572,6637,6547,6636,10877499.9976
13.09.2021 21:00:00.000,6648,6711,6648,6705,11300000.2504
14.09.2021 21:00:00.000,6601,6623,6571,6593,17597500.3242
15.09.2021 21:00:00.000,6599,6608,6503,6546,22029999.733
16.09.2021 21:00:00.000,6501,6612,6481,6608,19592499.852199998
17.09.2021 21:00:00.000,6608,6608,6608,6608,0
18.09.2021 21:00:00.000,6608,6608,6608,6608,0
19.09.2021 21:00:00.000,6608,6608,6608,6608,0
20.09.2021 21:00:00.000,6381,6483,6381,6440,7457500.085200001
21.09.2021 21:00:00.000,6426,6442,6321,6321,12974999.83
22.09.2021 21:00:00.000,6321,6321,6321,6321,0
23.09.2021 21:00:00.000,6495,6535,6466,6527,20972499.847400002
24.09.2021 21:00:00.000,6527,6527,6527,6527,0
25.09.2021 21:00:00.000,6527,6527,6527,6527,0
26.09.2021 21:00:00.000,6614,6931,6614,6838,21259999.7522
27.09.2021 21:00:00.000,6790,6940,6754,6925,18967499.8522
28.09.2021 21:00:00.000,6732,6732,6552,6596,22252499.4612
29.09.2021 21:00:00.000,6567,6683,6567,6623,10575000.032900002
30.09.2021 21:00:00.000,6476,6541,6412,6452,26272499.561399996
01.10.2021 21:00:00.000,6452,6452,6452,6452,0
02.10.2021 21:00:00.000,6452,6452,6452,6452,0
03.10.2021 21:00:00.000,6501,6533,6353,6418,19397499.680600002
04.10.2021 21:00:00.000,6292,6370,6235,6321,30460000.276699997
05.10.2021 21:00:00.000,6421,6440,6268,6333,36650000.3337
06.10.2021 21:00:00.000,6311,6361,6246,6265,70484999.4183
07.10.2021 21:00:00.000,6369,6425,6327,6338,42437500
08.10.2021 21:00:00.000,6338,6338,6338,6338,0
09.10.2021 21:00:00.000,6338,6338,6338,6338,0
10.10.2021 21:00:00.000,6486,6583,6436,6577,18742500.5436
11.10.2021 21:00:00.000,6555,6571,6527,6527,21242500.3052
12.10.2021 21:00:00.000,6527,6546,6491,6491,26972500.085699998
13.10.2021 21:00:00.000,6460,6546,6454,6540,26102500.081199996
14.10.2021 21:00:00.000,6626,6699,6618,6683,39609999.4182
15.10.2021 21:00:00.000,6683,6683,6683,6683,0
16.10.2021 21:00:00.000,6683,6683,6683,6683,0
17.10.2021 21:00:00.000,6660,6718,6649,6685,28319999.694900002
18.10.2021 21:00:00.000,6716,6744,6679,6710,14294999.9571
19.10.2021 21:00:00.000,6773,6904,6773,6839,15492500.0667
20.10.2021 21:00:00.000,6820,6842,6692,6695,37577500.3433
21.10.2021 21:00:00.000,6637,6761,6637,6665,32792500.019100003
22.10.2021 21:00:00.000,6665,6665,6665,6665,0
23.10.2021 21:00:00.000,6665,6665,6665,6665,0
24.10.2021 21:00:00.000,6704,6805,6700,6734,15357500.076200001
25.10.2021 21:00:00.000,6822,6859,6769,6771,16209999.5613
26.10.2021 21:00:00.000,6714,6775,6714,6768,9425000.0119
27.10.2021 21:00:00.000,6482,6732,6428,6636,16807499.8856
28.10.2021 21:00:00.000,6610,6633,6526,6558,18932499.7663
29.10.2021 21:00:00.000,6558,6558,6558,6558,0
30.10.2021 21:00:00.000,6558,6558,6558,6558,0
31.10.2021 21:00:00.000,6661,6797,6644,6794,15109999.7759
01.11.2021 21:00:00.000,6783,6788,6725,6753,14382499.694899999
02.11.2021 21:00:00.000,6753,6753,6753,6753,0
03.11.2021 21:00:00.000,6715,6919,6694,6889,15352500.1406
04.11.2021 21:00:00.000,6929,7006,6929,7004,13279999.9716
05.11.2021 21:00:00.000,7004,7004,7004,7004,0
06.11.2021 21:00:00.000,7004,7004,7004,7004,0
07.11.2021 22:00:00.000,7110,7235,7086,7105,16392499.446899999
08.11.2021 22:00:00.000,7203,7233,6988,7021,16370000.3625
09.11.2021 22:00:00.000,7065,7072,7013,7014,9935000.136500001
10.11.2021 22:00:00.000,6971,7126,6971,7107,12952499.9857
11.11.2021 22:00:00.000,7169,7288,7169,7288,8419999.9868
12.11.2021 22:00:00.000,7288,7288,7288,7288,0
13.11.2021 22:00:00.000,7288,7288,7288,7288,0
14.11.2021 22:00:00.000,7284,7314,7243,7260,9162499.86
15.11.2021 22:00:00.000,7324,7396,7320,7354,12802500.188299999
16.11.2021 22:00:00.000,7341,7342,7220,7226,17255000.1145
17.11.2021 22:00:00.000,7234,7243,7122,7201,27320000.052500002
18.11.2021 22:00:00.000,7328,7344,7262,7271,12992500.0817
19.11.2021 22:00:00.000,7271,7271,7271,7271,0
20.11.2021 22:00:00.000,7271,7271,7271,7271,0
21.11.2021 22:00:00.000,7227,7352,7227,7347,17737499.833100002
22.11.2021 22:00:00.000,7347,7347,7347,7347,0
23.11.2021 22:00:00.000,7356,7454,7261,7285,15555000.1859
24.11.2021 22:00:00.000,7313,7404,7289,7298,19385000.1097
25.11.2021 22:00:00.000,7255,7255,7061,7086,29300000.1907
26.11.2021 22:00:00.000,7086,7086,7086,7086,0
27.11.2021 22:00:00.000,7086,7086,7086,7086,0
28.11.2021 22:00:00.000,6950,7038,6935,6956,22819999.8123
29.11.2021 22:00:00.000,6944,7045,6751,6755,37732500.1955
30.11.2021 22:00:00.000,6736,6816,6657,6765,40057499.1704
01.12.2021 22:00:00.000,6694,6735,6624,6698,34042500.257400006
02.12.2021 22:00:00.000,6720,6860,6641,6850,25762500.1073
03.12.2021 22:00:00.000,6850,6850,6850,6850,0
04.12.2021 22:00:00.000,6850,6850,6850,6850,0
05.12.2021 22:00:00.000,6915,6915,6686,6697,31817499.756899998
06.12.2021 22:00:00.000,6680,6711,6610,6681,34362500.0716
07.12.2021 22:00:00.000,6615,6667,6548,6633,53817499.6375
08.12.2021 22:00:00.000,6620,6620,6363,6409,22564999.5803
09.12.2021 22:00:00.000,6442,6604,6442,6541,33722499.251399994
10.12.2021 22:00:00.000,6541,6541,6541,6541,0
11.12.2021 22:00:00.000,6541,6541,6541,6541,0
12.12.2021 22:00:00.000,6472,6483,6437,6440,15900099.992800001
13.12.2021 22:00:00.000,6338,6356,6277,6287,10404299.8404
14.12.2021 22:00:00.000,6238,6303,6228,6238,31845000.0287
15.12.2021 22:00:00.000,6383,6474,6367,6447,29946599.7219
16.12.2021 22:00:00.000,6346,6426,6332,6339,34896400.9286
17.12.2021 22:00:00.000,6339,6339,6339,6339,0
18.12.2021 22:00:00.000,6339,6339,6339,6339,0
19.12.2021 22:00:00.000,6222,6297,6164,6173,46608999.72919999
20.12.2021 22:00:00.000,6277,6303,6207,6247,25801099.7772
21.12.2021 22:00:00.000,6235,6275,6223,6240,23927199.8406
22.12.2021 22:00:00.000,6068,6121,5960,6042,20249199.867200002
23.12.2021 22:00:00.000,6100,6196,6100,6176,11497499.7044
24.12.2021 22:00:00.000,6176,6176,6176,6176,0
25.12.2021 22:00:00.000,6176,6176,6176,6176,0
26.12.2021 22:00:00.000,6155,6176,6101,6108,14314599.6331
27.12.2021 22:00:00.000,6203,6260,6159,6258,24892899.8708
28.12.2021 22:00:00.000,6295,6298,6187,6192,26591299.474299997
29.12.2021 22:00:00.000,6138,6260,6138,6241,26826700.3297
30.12.2021 22:00:00.000,6241,6241,6241,6241,0
31.12.2021 22:00:00.000,6241,6241,6241,6241,0
01.01.2022 22:00:00.000,6241,6241,6241,6241,0
02.01.2022 22:00:00.000,6241,6241,6241,6241,0
03.01.2022 22:00:00.000,6326,6482,6316,6474,17528700.3516
04.01.2022 22:00:00.000,6654,6725,6599,6711,8733800.0537
05.01.2022 22:00:00.000,6713,6748,6621,6636,33035800.457000002
06.01.2022 22:00:00.000,6736,6810,6675,6713,23502099.9313
07.01.2022 22:00:00.000,6713,6713,6713,6713,0
08.01.2022 22:00:00.000,6713,6713,6713,6713,0
09.01.2022 22:00:00.000,6713,6713,6713,6713,0
10.01.2022 22:00:00.000,6689,6803,6664,6779,28785899.758500002
11.01.2022 22:00:00.000,6785,6902,6781,6889,26509199.619400002
12.01.2022 22:00:00.000,6884,6908,6856,6900,19647099.494900003
13.01.2022 22:00:00.000,6951,7016,6788,6853,39694299.6979
14.01.2022 22:00:00.000,6853,6853,6853,6853,0
15.01.2022 22:00:00.000,6853,6853,6853,6853,0
16.01.2022 22:00:00.000,6628,6744,6612,6683,24678999.6624
17.01.2022 22:00:00.000,6746,6764,6628,6667,40699100.5242
18.01.2022 22:00:00.000,6548,6582,6344,6379,20937400.057800002
19.01.2022 22:00:00.000,6377,6433,6283,6376,47376900.03209999
20.01.2022 22:00:00.000,6273,6323,6185,6321,48085299.49169999
21.01.2022 22:00:00.000,6321,6321,6321,6321,0
22.01.2022 22:00:00.000,6321,6321,6321,6321,0
23.01.2022 22:00:00.000,6200,6326,6127,6282,33520600.199800003
24.01.2022 22:00:00.000,6292,6299,6140,6168,45736800.253299996
25.01.2022 22:00:00.000,6181,6193,6100,6116,57738799.572
26.01.2022 22:00:00.000,6201,6241,5933,5951,50517201.4236
27.01.2022 22:00:00.000,6093,6093,6007,6043,43642399.7878
28.01.2022 22:00:00.000,6043,6043,6043,6043,0
29.01.2022 22:00:00.000,6043,6043,6043,6043,0
30.01.2022 22:00:00.000,5950,6003,5859,5946,25435400.247600004
31.01.2022 22:00:00.000,5892,5957,5790,5801,42306199.78909999
01.02.2022 22:00:00.000,5869,6070,5869,6026,22773199.915799998
02.02.2022 22:00:00.000,5862,6025,5740,5853,25999799.6092
03.02.2022 22:00:00.000,5895,5938,5816,5904,12056399.8223
04.02.2022 22:00:00.000,5904,5904,5904,5904,0
05.02.2022 22:00:00.000,5904,5904,5904,5904,0
06.02.2022 22:00:00.000,5951,5953,5806,5879,30219200.2535
07.02.2022 22:00:00.000,5929,6016,5927,5961,25469399.809800003
08.02.2022 22:00:00.000,5976,6024,5941,5999,20070200.4434
09.02.2022 22:00:00.000,6055,6073,5981,6067,27509400.1292
10.02.2022 22:00:00.000,6067,6067,6067,6067,0
11.02.2022 22:00:00.000,6067,6067,6067,6067,0
12.02.2022 22:00:00.000,6067,6067,6067,6067,0
13.02.2022 22:00:00.000,5895,5948,5811,5811,37423799.753299996
14.02.2022 22:00:00.000,5807,5815,5712,5741,8840000.212199999
15.02.2022 22:00:00.000,5851,5917,5842,5910,26917800.2477
16.02.2022 22:00:00.000,5963,6207,5951,6151,30997799.396399997
17.02.2022 22:00:00.000,6083,6147,6066,6128,25877399.9214
18.02.2022 22:00:00.000,6128,6128,6128,6128,0
19.02.2022 22:00:00.000,6128,6128,6128,6128,0
20.02.2022 22:00:00.000,6005,6055,5994,6008,506600.00169999996
21.02.2022 22:00:00.000,5887,5890,5775,5804,31466999.7693
22.02.2022 22:00:00.000,5804,5804,5804,5804,0
23.02.2022 22:00:00.000,5726,5771,5502,5542,74993799.6864
24.02.2022 22:00:00.000,5527,5680,5526,5661,29998199.701300003
25.02.2022 22:00:00.000,5661,5661,5661,5661,0
26.02.2022 22:00:00.000,5661,5661,5661,5661,0
27.02.2022 22:00:00.000,5635,5745,5603,5649,50785800.457100004
28.02.2022 22:00:00.000,5790,5790,5636,5654,37583599.56739999
01.03.2022 22:00:00.000,5537,5537,5364,5406,43506398.9164
02.03.2022 22:00:00.000,5511,5511,5422,5456,30494599.8191
03.03.2022 22:00:00.000,5397,5440,5239,5322,59838300.943399996
04.03.2022 22:00:00.000,5322,5322,5322,5322,0
05.03.2022 22:00:00.000,5322,5322,5322,5322,0
06.03.2022 22:00:00.000,4917,4998,4857,4957,67892901.4206
07.03.2022 22:00:00.000,4884,4905,4750,4757,85086700.4394
08.03.2022 22:00:00.000,5009,5097,4910,4975,79903398.51390001
09.03.2022 22:00:00.000,5277,5277,5179,5232,38756600.141600005
10.03.2022 22:00:00.000,5182,5183,5069,5137,47294000.3872
11.03.2022 22:00:00.000,5137,5137,5137,5137,0
12.03.2022 22:00:00.000,5137,5137,5137,5137,0
13.03.2022 21:00:00.000,5243,5290,5174,5179,54434000.01539999
14.03.2022 21:00:00.000,5153,5280,5148,5234,47839700.698800005
15.03.2022 21:00:00.000,5352,5461,5352,5436,29632700.2049
16.03.2022 21:00:00.000,5671,5676,5563,5641,47052600.3838
17.03.2022 21:00:00.000,5677,5835,5677,5830,40318900.5851
18.03.2022 21:00:00.000,5830,5830,5830,5830,0
19.03.2022 21:00:00.000,5830,5830,5830,5830,0
20.03.2022 21:00:00.000,5830,5830,5830,5830,0
21.03.2022 21:00:00.000,5800,5952,5794,5925,27886799.931500003
22.03.2022 21:00:00.000,6085,6203,6038,6177,8731200.1716
23.03.2022 21:00:00.000,6072,6197,6067,6172,13729199.931000002
24.03.2022 21:00:00.000,6257,6257,6149,6170,25214400.3958
25.03.2022 21:00:00.000,6170,6170,6170,6170,0
26.03.2022 21:00:00.000,6170,6170,6170,6170,0
27.03.2022 21:00:00.000,6164,6182,6101,6118,31803600.3112
28.03.2022 21:00:00.000,6191,6193,6111,6130,10325800.0015
29.03.2022 21:00:00.000,6224,6246,6181,6239,21406400.024900004
30.03.2022 21:00:00.000,6159,6281,6143,6171,37774000.1678
31.03.2022 21:00:00.000,6078,6115,6003,6100,23494000.2561
01.04.2022 21:00:00.000,6100,6100,6100,6100,0
02.04.2022 21:00:00.000,6100,6100,6100,6100,0
03.04.2022 21:00:00.000,6093,6107,6071,6107,25258600.2351
04.04.2022 21:00:00.000,6197,6257,6123,6145,42109000.206
05.04.2022 21:00:00.000,6088,6165,6073,6083,51091800.6897
06.04.2022 21:00:00.000,5829,5857,5782,5843,33170399.5243
07.04.2022 21:00:00.000,5911,5967,5846,5901,51659599.30410001
08.04.2022 21:00:00.000,5901,5901,5901,5901,0
09.04.2022 21:00:00.000,5901,5901,5901,5901,0
10.04.2022 21:00:00.000,5892,5892,5794,5841,51676599.740899995
11.04.2022 21:00:00.000,5806,5806,5666,5694,62481800.5563
12.04.2022 21:00:00.000,5758,5834,5723,5819,38324800.4914
13.04.2022 21:00:00.000,5859,5968,5859,5964,40323999.6433
14.04.2022 21:00:00.000,5834,5955,5816,5946,19601000.1898
15.04.2022 21:00:00.000,5946,5946,5946,5946,0
16.04.2022 21:00:00.000,5946,5946,5946,5946,0
17.04.2022 21:00:00.000,5876,5880,5789,5815,27033400.2973
18.04.2022 21:00:00.000,5863,5878,5777,5870,31704999.8046
19.04.2022 21:00:00.000,5963,6065,5963,6002,45488600.015599996
20.04.2022 21:00:00.000,6037,6072,5992,6060,25911400.198999997
21.04.2022 21:00:00.000,6095,6103,5976,6078,45049999.71390001
22.04.2022 21:00:00.000,6078,6078,6078,6078,0
23.04.2022 21:00:00.000,6078,6078,6078,6078,0
24.04.2022 21:00:00.000,5981,6086,5940,6050,63705799.57970001
25.04.2022 21:00:00.000,5975,5976,5861,5909,48572399.61619999
26.04.2022 21:00:00.000,5786,5933,5754,5897,30494599.759499997
27.04.2022 21:00:00.000,5888,6086,5880,6082,21858599.722500004
28.04.2022 21:00:00.000,6082,6082,6082,6082,0
29.04.2022 21:00:00.000,6082,6082,6082,6082,0
30.04.2022 21:00:00.000,6082,6082,6082,6082,0
01.05.2022 21:00:00.000,6082,6082,6082,6082,0
02.05.2022 21:00:00.000,6082,6082,6082,6082,0
03.05.2022 21:00:00.000,6082,6082,6082,6082,0
04.05.2022 21:00:00.000,6082,6082,6082,6082,0
05.05.2022 21:00:00.000,6498,6527,6460,6501,27659000.277400002
06.05.2022 21:00:00.000,6501,6501,6501,6501,0
07.05.2022 21:00:00.000,6501,6501,6501,6501,0
08.05.2022 21:00:00.000,6524,6577,6371,6386,38623999.5956
09.05.2022 21:00:00.000,6408,6474,6298,6453,34499800.6821
10.05.2022 21:00:00.000,6323,6349,6261,6312,24146800.2499
11.05.2022 21:00:00.000,6234,6272,6157,6185,27390400.4097
12.05.2022 21:00:00.000,6309,6438,6301,6433,24718000.113799997
13.05.2022 21:00:00.000,6433,6433,6433,6433,0
14.05.2022 21:00:00.000,6433,6433,6433,6433,0
15.05.2022 21:00:00.000,6484,6484,6366,6428,47037299.1562
16.05.2022 21:00:00.000,6355,6428,6355,6428,29835000.6342
17.05.2022 21:00:00.000,6553,6565,6499,6554,24102600.0976
18.05.2022 21:00:00.000,6398,6553,6395,6553,34248199.9397
19.05.2022 21:00:00.000,6556,6645,6532,6638,18179800.108099997
20.05.2022 21:00:00.000,6638,6638,6638,6638,0
21.05.2022 21:00:00.000,6638,6638,6638,6638,0
22.05.2022 21:00:00.000,6676,6696,6603,6626,18898900.33
23.05.2022 21:00:00.000,6686,6702,6613,6637,39252999.5442
24.05.2022 21:00:00.000,6578,6648,6511,6628,20486699.916300002
25.05.2022 21:00:00.000,6662,6667,6577,6598,27257799.8638
26.05.2022 21:00:00.000,6685,6731,6643,6655,23699699.640300002
27.05.2022 21:00:00.000,6655,6655,6655,6655,0
28.05.2022 21:00:00.000,6655,6655,6655,6655,0
29.05.2022 21:00:00.000,6704,6790,6692,6778,6137000.0624
30.05.2022 21:00:00.000,6741,6791,6706,6708,35550399.780200005
31.05.2022 21:00:00.000,6691,6785,6688,6779,21630800.0089
01.06.2022 21:00:00.000,6790,6801,6723,6797,27166000.008500002
02.06.2022 21:00:00.000,6857,6887,6780,6854,21654600.381899998
03.06.2022 21:00:00.000,6854,6854,6854,6854,0
04.06.2022 21:00:00.000,6854,6854,6854,6854,0
05.06.2022 21:00:00.000,6787,6884,6784,6874,19464999.914100002
06.06.2022 21:00:00.000,6905,6981,6885,6932,22018399.953700002
07.06.2022 21:00:00.000,6942,7013,6911,7002,17635799.884800002
08.06.2022 21:00:00.000,6968,7005,6901,6917,18710199.8328
09.06.2022 21:00:00.000,6962,6983,6934,6950,11456299.915800001
10.06.2022 21:00:00.000,6950,6950,6950,6950,0
11.06.2022 21:00:00.000,6950,6950,6950,6950,0
12.06.2022 21:00:00.000,6789,6885,6778,6853,23891800.046
13.06.2022 21:00:00.000,6725,6807,6659,6799,23058799.9821
14.06.2022 21:00:00.000,6736,6743,6657,6683,16775600.075600002
15.06.2022 21:00:00.000,6695,6814,6695,6726,21642699.6589
16.06.2022 21:00:00.000,6416,6555,6396,6521,21161600.0532
17.06.2022 21:00:00.000,6521,6521,6521,6521,0
18.06.2022 21:00:00.000,6521,6521,6521,6521,0
19.06.2022 21:00:00.000,6515,6518,6351,6411,16853799.9392
20.06.2022 21:00:00.000,6464,6543,6422,6511,12731300.0261
21.06.2022 21:00:00.000,6600,6600,6475,6482,10471999.7645
22.06.2022 21:00:00.000,6498,6555,6417,6437,21479499.697600003
23.06.2022 21:00:00.000,6311,6412,6243,6392,16248599.827200001
24.06.2022 21:00:00.000,6392,6392,6392,6392,0
25.06.2022 21:00:00.000,6392,6392,6392,6392,0
26.06.2022 21:00:00.000,6523,6611,6490,6596,19063799.902799997
27.06.2022 21:00:00.000,6675,6679,6590,6647,20559800.2673
28.06.2022 21:00:00.000,6567,6667,6552,6567,22776600.3609
29.06.2022 21:00:00.000,6528,6585,6393,6448,16238399.5951
30.06.2022 21:00:00.000,6398,6398,6282,6331,21193899.571999997
01.07.2022 21:00:00.000,6331,6331,6331,6331,0
02.07.2022 21:00:00.000,6331,6331,6331,6331,0
03.07.2022 21:00:00.000,6396,6426,6337,6420,26067799.2107
04.07.2022 21:00:00.000,6472,6514,6447,6496,23680999.756
05.07.2022 21:00:00.000,6398,6419,6283,6326,31521400.0345
06.07.2022 21:00:00.000,6337,6433,6298,6432,22589599.8478
07.07.2022 21:00:00.000,6476,6578,6453,6487,32735199.6898
08.07.2022 21:00:00.000,6487,6487,6487,6487,0
09.07.2022 21:00:00.000,6487,6487,6487,6487,0
10.07.2022 21:00:00.000,6630,6656,6543,6552,41340599.7753
11.07.2022 21:00:00.000,6505,6505,6419,6464,27308800.3398
12.07.2022 21:00:00.000,6487,6496,6440,6478,22375400.424
13.07.2022 21:00:00.000,6365,6447,6281,6430,21238100.0519
14.07.2022 21:00:00.000,6440,6441,6366,6392,27472000.3605
15.07.2022 21:00:00.000,6392,6392,6392,6392,0
16.07.2022 21:00:00.000,6392,6392,6392,6392,0
17.07.2022 21:00:00.000,6392,6392,6392,6392,0
18.07.2022 21:00:00.000,6482,6570,6481,6567,15310200.2144
19.07.2022 21:00:00.000,6662,6805,6647,6801,27795000.0763
20.07.2022 21:00:00.000,6795,6841,6763,6830,13637400.1802
21.07.2022 21:00:00.000,6767,6866,6767,6852,31070899.9634
22.07.2022 21:00:00.000,6852,6852,6852,6852,0
23.07.2022 21:00:00.000,6852,6852,6852,6852,0
24.07.2022 21:00:00.000,6804,6808,6706,6724,18710199.833
25.07.2022 21:00:00.000,6759,6759,6690,6716,16636199.951200001
26.07.2022 21:00:00.000,6676,6769,6665,6752,19487100.184
27.07.2022 21:00:00.000,6752,6762,6671,6698,23062200.069399998
28.07.2022 21:00:00.000,6751,6775,6656,6711,25007000.2079
29.07.2022 21:00:00.000,6711,6711,6711,6711,0
30.07.2022 21:00:00.000,6711,6711,6711,6711,0
31.07.2022 21:00:00.000,6577,6612,6493,6608,25268800.3778
01.08.2022 21:00:00.000,6552,6552,6462,6475,23966599.226
02.08.2022 21:00:00.000,6487,6590,6451,6590,33813000.679
03.08.2022 21:00:00.000,6623,6651,6560,6591,19199799.776100002
04.08.2022 21:00:00.000,6543,6680,6539,6653,22650799.751199998
05.08.2022 21:00:00.000,6653,6653,6653,6653,0
06.08.2022 21:00:00.000,6653,6653,6653,6653,0
07.08.2022 21:00:00.000,6610,6657,6583,6648,14840999.9608
08.08.2022 21:00:00.000,6633,6650,6575,6601,11461400.1066
09.08.2022 21:00:00.000,6603,6639,6564,6619,13691799.879099999
10.08.2022 21:00:00.000,6619,6619,6619,6619,0
11.08.2022 21:00:00.000,6766,6925,6765,6912,20178999.3048
12.08.2022 21:00:00.000,6912,6912,6912,6912,0
13.08.2022 21:00:00.000,6912,6912,6912,6912,0
14.08.2022 21:00:00.000,6889,6920,6876,6919,7663599.9679000005
15.08.2022 21:00:00.000,6907,6921,6890,6914,11651800.036300002
16.08.2022 21:00:00.000,6960,7021,6946,6998,18407600.4028
17.08.2022 21:00:00.000,6943,6953,6880,6929,11474999.9345
18.08.2022 21:00:00.000,7026,7121,7006,7037,22844599.485600002
19.08.2022 21:00:00.000,7037,7037,7037,7037,0
20.08.2022 21:00:00.000,7037,7037,7037,7037,0
21.08.2022 21:00:00.000,6914,7014,6914,6997,12250200.1012
22.08.2022 21:00:00.000,6913,6939,6812,6840,17231200.039499998
23.08.2022 21:00:00.000,6856,7013,6826,6979,20893000.0066
24.08.2022 21:00:00.000,6992,7070,6982,7053,16384599.923999999
25.08.2022 21:00:00.000,7043,7115,7042,7064,21929999.7093
26.08.2022 21:00:00.000,7064,7064,7064,7064,0
27.08.2022 21:00:00.000,7064,7064,7064,7064,0
28.08.2022 21:00:00.000,6865,6900,6849,6882,21318000.3166
29.08.2022 21:00:00.000,6921,6994,6873,6988,17710599.899299998
30.08.2022 21:00:00.000,6932,6993,6931,6989,19686000.3471
31.08.2022 21:00:00.000,6974,6985,6925,6961,21107199.788
01.09.2022 21:00:00.000,6954,6954,6853,6899,29862200.3795
02.09.2022 21:00:00.000,6899,6899,6899,6899,0
03.09.2022 21:00:00.000,6899,6899,6899,6899,0
04.09.2022 21:00:00.000,6899,6936,6880,6907,18220599.651300002
05.09.2022 21:00:00.000,6846,6922,6846,6908,23031599.8792
06.09.2022 21:00:00.000,6830,6836,6787,6829,20539399.9815
07.09.2022 21:00:00.000,6864,6984,6854,6978,31460200.548100002
08.09.2022 21:00:00.000,6925,7004,6925,6970,37128000.7362
09.09.2022 21:00:00.000,6970,6970,6970,6970,0
10.09.2022 21:00:00.000,6970,6970,6970,6970,0
11.09.2022 21:00:00.000,7059,7118,6972,7003,16993200.1829
12.09.2022 21:00:00.000,7028,7046,6966,6986,25112400.0549
13.09.2022 21:00:00.000,6823,6927,6773,6865,24799600.0051
14.09.2022 21:00:00.000,6818,6856,6802,6826,13824400.246
15.09.2022 21:00:00.000,6762,6812,6713,6745,16775600.075700002
16.09.2022 21:00:00.000,6745,6745,6745,6745,0
17.09.2022 21:00:00.000,6745,6745,6745,6745,0
18.09.2022 21:00:00.000,6745,6745,6745,6745,0
19.09.2022 21:00:00.000,6776,6786,6715,6727,13300800.1445
20.09.2022 21:00:00.000,6640,6647,6524,6525,20495199.9188
21.09.2022 21:00:00.000,6469,6563,6469,6558,37240200.0427
22.09.2022 21:00:00.000,6558,6558,6558,6558,0
23.09.2022 21:00:00.000,6558,6558,6558,6558,0
24.09.2022 21:00:00.000,6558,6558,6558,6558,0
25.09.2022 21:00:00.000,6454,6454,6301,6329,22011599.838699996
26.09.2022 21:00:00.000,6335,6349,6286,6335,19726800.2033
27.09.2022 21:00:00.000,6317,6318,6187,6278,34479400.158
28.09.2022 21:00:00.000,6355,6359,6215,6352,36849200.1892
29.09.2022 21:00:00.000,6319,6323,6098,6116,39174799.9191
30.09.2022 21:00:00.000,6116,6116,6116,6116,0
01.10.2022 21:00:00.000,6116,6116,6116,6116,0
02.10.2022 21:00:00.000,5997,6269,5986,6257,27897000.312799998
03.10.2022 21:00:00.000,6422,6501,6372,6475,22558999.7768
04.10.2022 21:00:00.000,6549,6549,6473,6495,28607599.735200003
05.10.2022 21:00:00.000,6566,6635,6562,6606,21205799.6988
06.10.2022 21:00:00.000,6497,6578,6464,6555,28821800.470399998
07.10.2022 21:00:00.000,6555,6555,6555,6555,0
08.10.2022 21:00:00.000,6555,6555,6555,6555,0
09.10.2022 21:00:00.000,6555,6555,6555,6555,0
10.10.2022 21:00:00.000,6388,6442,6305,6355,32340800.0469
11.10.2022 21:00:00.000,6292,6349,6265,6329,31636999.4282
12.10.2022 21:00:00.000,6259,6296,6222,6257,17530399.9186
13.10.2022 21:00:00.000,6410,6538,6391,6497,34265200.376499996
14.10.2022 21:00:00.000,6497,6497,6497,6497,0
15.10.2022 21:00:00.000,6497,6497,6497,6497,0
16.10.2022 21:00:00.000,6420,6437,6376,6432,17016999.7811
17.10.2022 21:00:00.000,6548,6553,6401,6483,32816799.640699998
18.10.2022 21:00:00.000,6448,6496,6441,6458,28199600.1005
19.10.2022 21:00:00.000,6398,6419,6343,6405,19291600.555299997
20.10.2022 21:00:00.000,6384,6399,6337,6362,29665000.200299997
21.10.2022 21:00:00.000,6362,6362,6362,6362,0
22.10.2022 21:00:00.000,6362,6362,6362,6362,0
23.10.2022 21:00:00.000,6441,6499,6401,6410,35400800.2281
24.10.2022 21:00:00.000,6500,6580,6494,6565,7068599.9263
25.10.2022 21:00:00.000,6564,6573,6512,6543,25261999.845399998
26.10.2022 21:00:00.000,6547,6547,6464,6504,27108199.834900003
27.10.2022 21:00:00.000,6245,6424,6245,6367,43217400.550799996
28.10.2022 21:00:00.000,6367,6367,6367,6367,0
29.10.2022 21:00:00.000,6367,6367,6367,6367,0
30.10.2022 21:00:00.000,6561,6772,6559,6756,33530799.627299998
31.10.2022 21:00:00.000,6887,7019,6870,7015,21627399.802200004
01.11.2022 21:00:00.000,6948,6987,6938,6967,30633999.8246
02.11.2022 21:00:00.000,6967,6967,6967,6967,0
03.11.2022 21:00:00.000,6973,7007,6901,6989,52563999.17600001
04.11.2022 21:00:00.000,6989,6989,6989,6989,0
05.11.2022 21:00:00.000,6989,6989,6989,6989,0
06.11.2022 22:00:00.000,7061,7113,7030,7036,24411999.9408
07.11.2022 22:00:00.000,7083,7123,7073,7098,19930800.199500002
08.11.2022 22:00:00.000,7139,7173,7105,7127,22321000.2184
09.11.2022 22:00:00.000,7023,7091,6999,7079,18237600.0881
10.11.2022 22:00:00.000,7212,7295,7158,7293,26866799.950499997
11.11.2022 22:00:00.000,7293,7293,7293,7293,0
12.11.2022 22:00:00.000,7293,7293,7293,7293,0
13.11.2022 22:00:00.000,7320,7325,7129,7162,39929599.7619
14.11.2022 22:00:00.000,7176,7237,7172,7223,17673200.2496
15.11.2022 22:00:00.000,7246,7246,7187,7224,30137600.183400005
16.11.2022 22:00:00.000,7222,7275,7221,7242,22378800.153800003
17.11.2022 22:00:00.000,7252,7280,7222,7243,10689600.1697
18.11.2022 22:00:00.000,7243,7243,7243,7243,0
19.11.2022 22:00:00.000,7243,7243,7243,7243,0
20.11.2022 22:00:00.000,7327,7348,7277,7287,42904599.666600004
21.11.2022 22:00:00.000,7394,7460,7318,7328,59037600.994100004
22.11.2022 22:00:00.000,7328,7328,7328,7328,0
23.11.2022 22:00:00.000,7436,7436,7351,7385,45393400.1922
24.11.2022 22:00:00.000,7375,7432,7371,7423,31038600.206400003
25.11.2022 22:00:00.000,7423,7423,7423,7423,0
26.11.2022 22:00:00.000,7423,7423,7423,7423,0
27.11.2022 22:00:00.000,7427,7430,7351,7386,48609800.8156
28.11.2022 22:00:00.000,7325,7394,7319,7348,54410200.119
29.11.2022 22:00:00.000,7275,7347,7228,7312,48433000.087699994
30.11.2022 22:00:00.000,7266,7367,7240,7341,49578799.9629
01.12.2022 22:00:00.000,7138,7162,7091,7147,56015000.3433
02.12.2022 22:00:00.000,7147,7147,7147,7147,0
03.12.2022 22:00:00.000,7147,7147,7147,7147,0
04.12.2022 22:00:00.000,7102,7104,7003,7050,53182801.2467
05.12.2022 22:00:00.000,7039,7143,7036,7131,57983600.1396
06.12.2022 22:00:00.000,7069,7154,7066,7113,70852600.0976
07.12.2022 22:00:00.000,7032,7042,6995,7005,55270399.5705
08.12.2022 22:00:00.000,7122,7132,7085,7101,48487401.008700006
09.12.2022 22:00:00.000,7101,7101,7101,7101,0
10.12.2022 22:00:00.000,7101,7101,7101,7101,0
11.12.2022 22:00:00.000,7005,7064,6997,7045,50105799.19799999
12.12.2022 22:00:00.000,7194,7218,7144,7166,58194399.35679999
13.12.2022 22:00:00.000,7169,7186,7130,7183,54818199.15760001
14.12.2022 22:00:00.000,7156,7256,7156,7210,54178999.4241
15.12.2022 22:00:00.000,7091,7139,7080,7090,60560800.0755
16.12.2022 22:00:00.000,7090,7090,7090,7090,0
17.12.2022 22:00:00.000,7090,7090,7090,7090,0
18.12.2022 22:00:00.000,7039,7067,7006,7021,56198600.2921
19.12.2022 22:00:00.000,7015,7059,6847,6893,50197600.364700004
20.12.2022 22:00:00.000,6849,6870,6729,6820,78713398.9334
21.12.2022 22:00:00.000,6843,6876,6751,6791,33765400.8865
22.12.2022 22:00:00.000,6681,6754,6664,6736,33901399.374
23.12.2022 22:00:00.000,6736,6736,6736,6736,0
24.12.2022 22:00:00.000,6736,6736,6736,6736,0
25.12.2022 22:00:00.000,6801,6860,6763,6847,16738199.83
26.12.2022 22:00:00.000,6840,6841,6782,6791,21644400.0004
27.12.2022 22:00:00.000,6761,6799,6746,6788,24088999.629099995
28.12.2022 22:00:00.000,6691,6746,6654,6730,26900800.2282
29.12.2022 22:00:00.000,6781,6793,6664,6685,19879799.6641
30.12.2022 22:00:00.000,6685,6685,6685,6685,0
31.12.2022 22:00:00.000,6685,6685,6685,6685,0
01.01.2023 22:00:00.000,6685,6685,6685,6685,0
02.01.2023 22:00:00.000,6685,6685,6685,6685,0
03.01.2023 22:00:00.000,6346,6568,6346,6531,26839599.7286
04.01.2023 22:00:00.000,6491,6506,6436,6480,34350199.9379
05.01.2023 22:00:00.000,6479,6576,6460,6540,26258199.9302
06.01.2023 22:00:00.000,6540,6540,6540,6540,0
07.01.2023 22:00:00.000,6540,6540,6540,6540,0
08.01.2023 22:00:00.000,6540,6540,6540,6540,0
09.01.2023 22:00:00.000,6639,6639,6485,6508,27669200.0627
10.01.2023 22:00:00.000,6565,6608,6552,6577,23150600.0757
11.01.2023 22:00:00.000,6579,6579,6512,6517,31392199.5163
12.01.2023 22:00:00.000,6462,6532,6456,6485,38953799.4861
13.01.2023 22:00:00.000,6485,6485,6485,6485,0
14.01.2023 22:00:00.000,6485,6485,6485,6485,0
15.01.2023 22:00:00.000,6387,6423,6360,6372,50588600.158700004
16.01.2023 22:00:00.000,6394,6468,6394,6459,30773399.9491
17.01.2023 22:00:00.000,6491,6658,6467,6652,41157000.5417
18.01.2023 22:00:00.000,6607,6617,6539,6541,44543400.2875
19.01.2023 22:00:00.000,6507,6651,6507,6647,55722600.45990001
20.01.2023 22:00:00.000,6647,6647,6647,6647,0
21.01.2023 22:00:00.000,6647,6647,6647,6647,0
22.01.2023 22:00:00.000,6690,6730,6682,6721,39779999.49470001
23.01.2023 22:00:00.000,6807,6885,6805,6870,47848199.3676
24.01.2023 22:00:00.000,6891,6931,6862,6919,40354600.1911
25.01.2023 22:00:00.000,6919,6946,6878,6903,44981999.6357
26.01.2023 22:00:00.000,6872,6934,6872,6905,56354999.0653
27.01.2023 22:00:00.000,6905,6905,6905,6905,0
28.01.2023 22:00:00.000,6905,6905,6905,6905,0
29.01.2023 22:00:00.000,6862,6863,6792,6792,63692200.66080001
30.01.2023 22:00:00.000,6870,6882,6765,6772,40079200.2678
31.01.2023 22:00:00.000,6798,6798,6695,6731,47304200.17250001
01.02.2023 22:00:00.000,6971,7122,6933,7019,76897800.9223
02.02.2023 22:00:00.000,6903,6982,6872,6890,70260998.72590001
03.02.2023 22:00:00.000,6890,6890,6890,6890,0
04.02.2023 22:00:00.000,6890,6890,6890,6890,0
05.02.2023 22:00:00.000,7014,7042,6986,6996,48388800.1442
06.02.2023 22:00:00.000,7047,7061,6999,7017,37709400.177
07.02.2023 22:00:00.000,7066,7066,6993,7009,45247199.5353
08.02.2023 22:00:00.000,6975,7069,6971,7054,35805399.417899996
09.02.2023 22:00:00.000,7044,7095,6996,7003,58054999.351500005
10.02.2023 22:00:00.000,7003,7003,7003,7003,0
11.02.2023 22:00:00.000,7003,7003,7003,7003,0
12.02.2023 22:00:00.000,7006,7020,6921,6973,51472599.02949999
13.02.2023 22:00:00.000,7025,7028,6931,6959,40119999.8856
14.02.2023 22:00:00.000,6958,6980,6913,6932,50173799.5148
15.02.2023 22:00:00.000,6945,7008,6935,6996,52050600.0519
16.02.2023 22:00:00.000,6990,7019,6966,6986,50486599.4454
17.02.2023 22:00:00.000,6986,6986,6986,6986,0
18.02.2023 22:00:00.000,6986,6986,6986,6986,0
19.02.2023 22:00:00.000,7005,7051,6990,7046,45233600.378
20.02.2023 22:00:00.000,7059,7070,6994,6997,52285199.642
21.02.2023 22:00:00.000,6878,6881,6747,6766,66262600.8988
22.02.2023 22:00:00.000,6766,6766,6766,6766,0
23.02.2023 22:00:00.000,6766,6766,6766,6766,0
24.02.2023 22:00:00.000,6766,6766,6766,6766,0
25.02.2023 22:00:00.000,6766,6766,6766,6766,0
26.02.2023 22:00:00.000,6766,6766,6766,6766,0
27.02.2023 22:00:00.000,6766,6766,6766,6766,0
28.02.2023 22:00:00.000,6766,6766,6766,6766,0
01.03.2023 22:00:00.000,6766,6766,6766,6766,0
02.03.2023 22:00:00.000,6766,6766,6766,6766,0
03.03.2023 22:00:00.000,6766,6766,6766,6766,0
04.03.2023 22:00:00.000,6766,6766,6766,6766,0
05.03.2023 22:00:00.000,6766,6766,6766,6766,0
06.03.2023 22:00:00.000,6766,6766,6766,6766,0
07.03.2023 22:00:00.000,6766,6766,6766,6766,0
08.03.2023 22:00:00.000,6766,6766,6766,6766,0
09.03.2023 22:00:00.000,6766,6766,6766,6766,0
10.03.2023 22:00:00.000,6766,6766,6766,6766,0
11.03.2023 22:00:00.000,6766,6766,6766,6766,0
12.03.2023 21:00:00.000,6766,6766,6766,6766,0
13.03.2023 21:00:00.000,6766,6766,6766,6766,0
14.03.2023 21:00:00.000,6766,6766,6766,6766,0
15.03.2023 21:00:00.000,6766,6766,6766,6766,0
16.03.2023 21:00:00.000,6766,6766,6766,6766,0
17.03.2023 21:00:00.000,6766,6766,6766,6766,0
18.03.2023 21:00:00.000,6766,6766,6766,6766,0
19.03.2023 21:00:00.000,6766,6766,6766,6766,0
20.03.2023 21:00:00.000,6766,6766,6766,6766,0
21.03.2023 21:00:00.000,6766,6766,6766,6766,0
22.03.2023 21:00:00.000,6766,6766,6766,6766,0
23.03.2023 21:00:00.000,6766,6766,6766,6766,0
24.03.2023 21:00:00.000,6766,6766,6766,6766,0
25.03.2023 21:00:00.000,6766,6766,6766,6766,0
26.03.2023 21:00:00.000,6766,6766,6766,6766,0
27.03.2023 21:00:00.000,6766,6766,6766,6766,0
28.03.2023 21:00:00.000,6766,6766,6766,6766,0
29.03.2023 21:00:00.000,6766,6766,6766,6766,0
30.03.2023 21:00:00.000,6766,6766,6766,6766,0
31.03.2023 21:00:00.000,6766,6766,6766,6766,0
01.04.2023 21:00:00.000,6766,6766,6766,6766,0
02.04.2023 21:00:00.000,6766,6766,6766,6766,0
03.04.2023 21:00:00.000,6766,6766,6766,6766,0
04.04.2023 21:00:00.000,6766,6766,6766,6766,0
05.04.2023 21:00:00.000,6766,6766,6766,6766,0
06.04.2023 21:00:00.000,6766,6766,6766,6766,0
07.04.2023 21:00:00.000,6766,6766,6766,6766,0
08.04.2023 21:00:00.000,6766,6766,6766,6766,0
09.04.2023 21:00:00.000,6766,6766,6766,6766,0
10.04.2023 21:00:00.000,6766,6766,6766,6766,0
11.04.2023 21:00:00.000,6766,6766,6766,6766,0
12.04.2023 21:00:00.000,6766,6766,6766,6766,0
13.04.2023 21:00:00.000,6766,6766,6766,6766,0
14.04.2023 21:00:00.000,6766,6766,6766,6766,0
15.04.2023 21:00:00.000,6766,6766,6766,6766,0
16.04.2023 21:00:00.000,6766,6766,6766,6766,0
17.04.2023 21:00:00.000,6766,6766,6766,6766,0
18.04.2023 21:00:00.000,6766,6766,6766,6766,0
19.04.2023 21:00:00.000,6766,6766,6766,6766,0
20.04.2023 21:00:00.000,6766,6766,6766,6766,0
21.04.2023 21:00:00.000,6766,6766,6766,6766,0
22.04.2023 21:00:00.000,6766,6766,6766,6766,0
23.04.2023 21:00:00.000,6766,6766,6766,6766,0
24.04.2023 21:00:00.000,6766,6766,6766,6766,0
25.04.2023 21:00:00.000,6766,6766,6766,6766,0
26.04.2023 21:00:00.000,6766,6766,6766,6766,0
27.04.2023 21:00:00.000,6766,6766,6766,6766,0
28.04.2023 21:00:00.000,6766,6766,6766,6766,0
29.04.2023 21:00:00.000,6766,6766,6766,6766,0
30.04.2023 21:00:00.000,7749,7775,7743,7760,2989700.0193
01.05.2023 21:00:00.000,7760,7760,7760,7760,0
02.05.2023 21:00:00.000,7760,7760,7760,7760,0
03.05.2023 21:00:00.000,7760,7760,7760,7760,0
04.05.2023 21:00:00.000,7760,7760,7760,7760,0
05.05.2023 21:00:00.000,7760,7760,7760,7760,0
06.05.2023 21:00:00.000,7760,7760,7760,7760,0
07.05.2023 21:00:00.000,7850,7879,7803,7805,12135700.2258
08.05.2023 21:00:00.000,7887,7939,7874,7902,14290199.9057
09.05.2023 21:00:00.000,7803,7812,7746,7801,14893700.2422
10.05.2023 21:00:00.000,7769,7822,7769,7811,11993500.0539
11.05.2023 21:00:00.000,7814,7880,7814,7847,9497900.0092
12.05.2023 21:00:00.000,7847,7847,7847,7847,0
13.05.2023 21:00:00.000,7847,7847,7847,7847,0
14.05.2023 21:00:00.000,7870,7968,7850,7958,17780299.5443
15.05.2023 21:00:00.000,7958,8073,7958,8070,12549400.0911
16.05.2023 21:00:00.000,8065,8109,8052,8091,14001200.1992
17.05.2023 21:00:00.000,8254,8313,8244,8282,16098400.115899999
18.05.2023 21:00:00.000,8246,8299,8230,8297,27247599.7506
19.05.2023 21:00:00.000,8297,8297,8297,8297,0
20.05.2023 21:00:00.000,8297,8297,8297,8297,0
21.05.2023 21:00:00.000,8162,8257,8162,8250,11240400.1653
22.05.2023 21:00:00.000,8232,8252,8128,8162,19058700.203900002
23.05.2023 21:00:00.000,8051,8106,8024,8081,15809400.141199999
24.05.2023 21:00:00.000,7947,8061,7947,8051,23748999.834099997
25.05.2023 21:00:00.000,8123,8224,8102,8176,51401199.817499995
26.05.2023 21:00:00.000,8176,8176,8176,8176,0
27.05.2023 21:00:00.000,8176,8176,8176,8176,0
28.05.2023 21:00:00.000,8183,8184,8113,8128,33178900.7186
29.05.2023 21:00:00.000,8116,8180,8062,8159,51812599.89739999
30.05.2023 21:00:00.000,8072,8077,8004,8037,80710898.8761
31.05.2023 21:00:00.000,8058,8100,8002,8022,72555399.89479999
01.06.2023 21:00:00.000,8094,8307,8094,8299,69169600.4868
02.06.2023 21:00:00.000,8299,8299,8299,8299,0
03.06.2023 21:00:00.000,8299,8299,8299,8299,0
04.06.2023 21:00:00.000,8453,8540,8425,8540,53803300.61919999
05.06.2023 21:00:00.000,8481,8627,8474,8605,42885899.30540001
06.06.2023 21:00:00.000,8623,8633,8452,8508,78043600.0823
07.06.2023 21:00:00.000,8553,8581,8405,8479,97336901.6647
08.06.2023 21:00:00.000,8557,8684,8546,8663,68579700.4699
09.06.2023 21:00:00.000,8663,8663,8663,8663,0
10.06.2023 21:00:00.000,8663,8663,8663,8663,0
11.06.2023 21:00:00.000,8690,8699,8642,8689,25743100.1663
12.06.2023 21:00:00.000,8693,8793,8656,8741,60972199.9167
13.06.2023 21:00:00.000,8988,8994,8897,8928,87269499.3019
14.06.2023 21:00:00.000,8851,8966,8851,8910,19580600.0828
15.06.2023 21:00:00.000,8882,8898,8801,8885,8678499.9669
16.06.2023 21:00:00.000,8885,8885,8885,8885,0
17.06.2023 21:00:00.000,8885,8885,8885,8885,0
18.06.2023 21:00:00.000,8885,8885,8885,8885,0
19.06.2023 21:00:00.000,8885,8885,8885,8885,0
20.06.2023 21:00:00.000,8885,8885,8885,8885,0
21.06.2023 21:00:00.000,8885,8885,8885,8885,0
22.06.2023 21:00:00.000,8885,8885,8885,8885,0
23.06.2023 21:00:00.000,8885,8885,8885,8885,0
24.06.2023 21:00:00.000,8885,8885,8885,8885,0
25.06.2023 21:00:00.000,8885,8885,8885,8885,0
26.06.2023 21:00:00.000,8885,8885,8885,8885,0
27.06.2023 21:00:00.000,8885,8885,8885,8885,0
28.06.2023 21:00:00.000,8885,8885,8885,8885,0
29.06.2023 21:00:00.000,8885,8885,8885,8885,0
30.06.2023 21:00:00.000,8885,8885,8885,8885,0
01.07.2023 21:00:00.000,8885,8885,8885,8885,0
02.07.2023 21:00:00.000,8885,8885,8885,8885,0
03.07.2023 21:00:00.000,8885,8885,8885,8885,0
04.07.2023 21:00:00.000,8885,8885,8885,8885,0
05.07.2023 21:00:00.000,8885,8885,8885,8885,0
06.07.2023 21:00:00.000,8885,8885,8885,8885,0
07.07.2023 21:00:00.000,8885,8885,8885,8885,0
08.07.2023 21:00:00.000,8885,8885,8885,8885,0
09.07.2023 21:00:00.000,8885,8885,8885,8885,0
10.07.2023 21:00:00.000,8885,8885,8885,8885,0
11.07.2023 21:00:00.000,8885,8885,8885,8885,0
12.07.2023 21:00:00.000,8885,8885,8885,8885,0
13.07.2023 21:00:00.000,8885,8885,8885,8885,0
14.07.2023 21:00:00.000,8885,8885,8885,8885,0
15.07.2023 21:00:00.000,8885,8885,8885,8885,0
16.07.2023 21:00:00.000,8885,8885,8885,8885,0
17.07.2023 21:00:00.000,8885,8885,8885,8885,0
18.07.2023 21:00:00.000,8885,8885,8885,8885,0
19.07.2023 21:00:00.000,8885,8885,8885,8885,0
20.07.2023 21:00:00.000,8885,8885,8885,8885,0
21.07.2023 21:00:00.000,8885,8885,8885,8885,0
22.07.2023 21:00:00.000,8885,8885,8885,8885,0
23.07.2023 21:00:00.000,8885,8885,8885,8885,0
24.07.2023 21:00:00.000,8885,8885,8885,8885,0
25.07.2023 21:00:00.000,8885,8885,8885,8885,0
26.07.2023 21:00:00.000,8885,8885,8885,8885,0
27.07.2023 21:00:00.000,8885,8885,8885,8885,0
28.07.2023 21:00:00.000,8885,8885,8885,8885,0
29.07.2023 21:00:00.000,8885,8885,8885,8885,0
30.07.2023 21:00:00.000,8885,8885,8885,8885,0
31.07.2023 21:00:00.000,8885,8885,8885,8885,0
01.08.2023 21:00:00.000,8885,8885,8885,8885,0
02.08.2023 21:00:00.000,8885,8885,8885,8885,0
03.08.2023 21:00:00.000,8885,8885,8885,8885,0
04.08.2023 21:00:00.000,8885,8885,8885,8885,0
05.08.2023 21:00:00.000,8885,8885,8885,8885,0
06.08.2023 21:00:00.000,8885,8885,8885,8885,0
07.08.2023 21:00:00.000,8885,8885,8885,8885,0
08.08.2023 21:00:00.000,8885,8885,8885,8885,0
09.08.2023 21:00:00.000,8885,8885,8885,8885,0
10.08.2023 21:00:00.000,8885,8885,8885,8885,0
11.08.2023 21:00:00.000,8885,8885,8885,8885,0
12.08.2023 21:00:00.000,8885,8885,8885,8885,0
13.08.2023 21:00:00.000,8885,8885,8885,8885,0
14.08.2023 21:00:00.000,8885,8885,8885,8885,0
15.08.2023 21:00:00.000,8885,8885,8885,8885,0
16.08.2023 21:00:00.000,8885,8885,8885,8885,0
17.08.2023 21:00:00.000,8885,8885,8885,8885,0
18.08.2023 21:00:00.000,8885,8885,8885,8885,0
19.08.2023 21:00:00.000,8885,8885,8885,8885,0
20.08.2023 21:00:00.000,8885,8885,8885,8885,0
21.08.2023 21:00:00.000,8885,8885,8885,8885,0
22.08.2023 21:00:00.000,8885,8885,8885,8885,0
23.08.2023 21:00:00.000,8885,8885,8885,8885,0
24.08.2023 21:00:00.000,8885,8885,8885,8885,0
25.08.2023 21:00:00.000,8885,8885,8885,8885,0
26.08.2023 21:00:00.000,8885,8885,8885,8885,0
27.08.2023 21:00:00.000,8885,8885,8885,8885,0
28.08.2023 21:00:00.000,8885,8885,8885,8885,0
29.08.2023 21:00:00.000,8885,8885,8885,8885,0
30.08.2023 21:00:00.000,8885,8885,8885,8885,0
31.08.2023 21:00:00.000,8885,8885,8885,8885,0
01.09.2023 21:00:00.000,8885,8885,8885,8885,0
02.09.2023 21:00:00.000,8885,8885,8885,8885,0
03.09.2023 21:00:00.000,8885,8885,8885,8885,0
04.09.2023 21:00:00.000,8885,8885,8885,8885,0
05.09.2023 21:00:00.000,8885,8885,8885,8885,0
06.09.2023 21:00:00.000,8885,8885,8885,8885,0
07.09.2023 21:00:00.000,8885,8885,8885,8885,0
08.09.2023 21:00:00.000,8885,8885,8885,8885,0
09.09.2023 21:00:00.000,8885,8885,8885,8885,0
10.09.2023 21:00:00.000,8885,8885,8885,8885,0
11.09.2023 21:00:00.000,8885,8885,8885,8885,0
12.09.2023 21:00:00.000,8885,8885,8885,8885,0
13.09.2023 21:00:00.000,8885,8885,8885,8885,0
14.09.2023 21:00:00.000,8885,8885,8885,8885,0
15.09.2023 21:00:00.000,8885,8885,8885,8885,0
16.09.2023 21:00:00.000,8885,8885,8885,8885,0
17.09.2023 21:00:00.000,8885,8885,8885,8885,0
18.09.2023 21:00:00.000,8885,8885,8885,8885,0
19.09.2023 21:00:00.000,8885,8885,8885,8885,0
20.09.2023 21:00:00.000,8885,8885,8885,8885,0
21.09.2023 21:00:00.000,8885,8885,8885,8885,0
22.09.2023 21:00:00.000,8885,8885,8885,8885,0
23.09.2023 21:00:00.000,8885,8885,8885,8885,0
24.09.2023 21:00:00.000,8885,8885,8885,8885,0
25.09.2023 21:00:00.000,8885,8885,8885,8885,0
26.09.2023 21:00:00.000,8885,8885,8885,8885,0
27.09.2023 21:00:00.000,8885,8885,8885,8885,0
28.09.2023 21:00:00.000,8885,8885,8885,8885,0
29.09.2023 21:00:00.000,8885,8885,8885,8885,0
30.09.2023 21:00:00.000,8885,8885,8885,8885,0
01.10.2023 21:00:00.000,8885,8885,8885,8885,0
02.10.2023 21:00:00.000,8885,8885,8885,8885,0
03.10.2023 21:00:00.000,8885,8885,8885,8885,0
04.10.2023 21:00:00.000,8885,8885,8885,8885,0
05.10.2023 21:00:00.000,8885,8885,8885,8885,0
06.10.2023 21:00:00.000,8885,8885,8885,8885,0
07.10.2023 21:00:00.000,8885,8885,8885,8885,0
08.10.2023 21:00:00.000,8885,8885,8885,8885,0
09.10.2023 21:00:00.000,8885,8885,8885,8885,0
10.10.2023 21:00:00.000,8885,8885,8885,8885,0
11.10.2023 21:00:00.000,8885,8885,8885,8885,0
12.10.2023 21:00:00.000,8885,8885,8885,8885,0
13.10.2023 21:00:00.000,8885,8885,8885,8885,0
14.10.2023 21:00:00.000,8885,8885,8885,8885,0
15.10.2023 21:00:00.000,8885,8885,8885,8885,0
16.10.2023 21:00:00.000,8885,8885,8885,8885,0
17.10.2023 21:00:00.000,8885,8885,8885,8885,0
18.10.2023 21:00:00.000,8885,8885,8885,8885,0
19.10.2023 21:00:00.000,8885,8885,8885,8885,0
20.10.2023 21:00:00.000,8885,8885,8885,8885,0
21.10.2023 21:00:00.000,8885,8885,8885,8885,0
22.10.2023 21:00:00.000,8885,8885,8885,8885,0
23.10.2023 21:00:00.000,8885,8885,8885,8885,0
24.10.2023 21:00:00.000,8885,8885,8885,8885,0
25.10.2023 21:00:00.000,8885,8885,8885,8885,0
26.10.2023 21:00:00.000,8885,8885,8885,8885,0
27.10.2023 21:00:00.000,8885,8885,8885,8885,0
28.10.2023 21:00:00.000,8885,8885,8885,8885,0
29.10.2023 21:00:00.000,8885,8885,8885,8885,0
30.10.2023 21:00:00.000,8885,8885,8885,8885,0
31.10.2023 21:00:00.000,8885,8885,8885,8885,0
01.11.2023 21:00:00.000,8885,8885,8885,8885,0
02.11.2023 21:00:00.000,8885,8885,8885,8885,0
03.11.2023 21:00:00.000,8885,8885,8885,8885,0
04.11.2023 21:00:00.000,8885,8885,8885,8885,0
05.11.2023 22:00:00.000,8885,8885,8885,8885,0
06.11.2023 22:00:00.000,8885,8885,8885,8885,0
07.11.2023 22:00:00.000,8885,8885,8885,8885,0
08.11.2023 22:00:00.000,8885,8885,8885,8885,0
09.11.2023 22:00:00.000,8885,8885,8885,8885,0
10.11.2023 22:00:00.000,8885,8885,8885,8885,0
11.11.2023 22:00:00.000,8885,8885,8885,8885,0
12.11.2023 22:00:00.000,8885,8885,8885,8885,0
13.11.2023 22:00:00.000,8885,8885,8885,8885,0
14.11.2023 22:00:00.000,8885,8885,8885,8885,0
15.11.2023 22:00:00.000,8885,8885,8885,8885,0
16.11.2023 22:00:00.000,8885,8885,8885,8885,0
17.11.2023 22:00:00.000,8885,8885,8885,8885,0
18.11.2023 22:00:00.000,8885,8885,8885,8885,0
19.11.2023 22:00:00.000,8885,8885,8885,8885,0
20.11.2023 22:00:00.000,8885,8885,8885,8885,0
21.11.2023 22:00:00.000,8885,8885,8885,8885,0
22.11.2023 22:00:00.000,8885,8885,8885,8885,0
23.11.2023 22:00:00.000,8885,8885,8885,8885,0
24.11.2023 22:00:00.000,8885,8885,8885,8885,0
25.11.2023 22:00:00.000,8885,8885,8885,8885,0
26.11.2023 22:00:00.000,8885,8885,8885,8885,0
27.11.2023 22:00:00.000,8885,8885,8885,8885,0
28.11.2023 22:00:00.000,8885,8885,8885,8885,0
29.11.2023 22:00:00.000,8885,8885,8885,8885,0
30.11.2023 22:00:00.000,8885,8885,8885,8885,0
01.12.2023 22:00:00.000,8885,8885,8885,8885,0
02.12.2023 22:00:00.000,8885,8885,8885,8885,0
03.12.2023 22:00:00.000,8885,8885,8885,8885,0
04.12.2023 22:00:00.000,8885,8885,8885,8885,0
05.12.2023 22:00:00.000,8885,8885,8885,8885,0
06.12.2023 22:00:00.000,8885,8885,8885,8885,0
07.12.2023 22:00:00.000,8885,8885,8885,8885,0
08.12.2023 22:00:00.000,8885,8885,8885,8885,0
09.12.2023 22:00:00.000,8885,8885,8885,8885,0
10.12.2023 22:00:00.000,8885,8885,8885,8885,0
11.12.2023 22:00:00.000,8885,8885,8885,8885,0
12.12.2023 22:00:00.000,8885,8885,8885,8885,0
13.12.2023 22:00:00.000,8885,8885,8885,8885,0
14.12.2023 22:00:00.000,8885,8885,8885,8885,0
15.12.2023 22:00:00.000,8885,8885,8885,8885,0
16.12.2023 22:00:00.000,8885,8885,8885,8885,0
17.12.2023 22:00:00.000,8885,8885,8885,8885,0
18.12.2023 22:00:00.000,8885,8885,8885,8885,0
19.12.2023 22:00:00.000,8885,8885,8885,8885,0
20.12.2023 22:00:00.000,8885,8885,8885,8885,0
21.12.2023 22:00:00.000,8885,8885,8885,8885,0
22.12.2023 22:00:00.000,8885,8885,8885,8885,0
23.12.2023 22:00:00.000,8885,8885,8885,8885,0
24.12.2023 22:00:00.000,8885,8885,8885,8885,0
25.12.2023 22:00:00.000,8885,8885,8885,8885,0
26.12.2023 22:00:00.000,8885,8885,8885,8885,0
27.12.2023 22:00:00.000,8885,8885,8885,8885,0
28.12.2023 22:00:00.000,8885,8885,8885,8885,0
29.12.2023 22:00:00.000,8885,8885,8885,8885,0
30.12.2023 22:00:00.000,8885,8885,8885,8885,0
31.12.2023 22:00:00.000,8885,8885,8885,8885,0
01.01.2024 22:00:00.000,8885,8885,8885,8885,0
02.01.2024 22:00:00.000,8885,8885,8885,8885,0
03.01.2024 22:00:00.000,8885,8885,8885,8885,0
04.01.2024 22:00:00.000,8885,8885,8885,8885,0
05.01.2024 22:00:00.000,8885,8885,8885,8885,0
06.01.2024 22:00:00.000,8885,8885,8885,8885,0
07.01.2024 22:00:00.000,8885,8885,8885,8885,0
08.01.2024 22:00:00.000,8885,8885,8885,8885,0
09.01.2024 22:00:00.000,8885,8885,8885,8885,0
10.01.2024 22:00:00.000,8885,8885,8885,8885,0
11.01.2024 22:00:00.000,8885,8885,8885,8885,0
12.01.2024 22:00:00.000,8885,8885,8885,8885,0
13.01.2024 22:00:00.000,8885,8885,8885,8885,0
14.01.2024 22:00:00.000,8885,8885,8885,8885,0
15.01.2024 22:00:00.000,8885,8885,8885,8885,0
16.01.2024 22:00:00.000,8885,8885,8885,8885,0
17.01.2024 22:00:00.000,8885,8885,8885,8885,0
18.01.2024 22:00:00.000,8885,8885,8885,8885,0
19.01.2024 22:00:00.000,8885,8885,8885,8885,0
20.01.2024 22:00:00.000,8885,8885,8885,8885,0
21.01.2024 22:00:00.000,8885,8885,8885,8885,0
22.01.2024 22:00:00.000,8885,8885,8885,8885,0
23.01.2024 22:00:00.000,8885,8885,8885,8885,0
24.01.2024 22:00:00.000,8885,8885,8885,8885,0
25.01.2024 22:00:00.000,8885,8885,8885,8885,0
26.01.2024 22:00:00.000,8885,8885,8885,8885,0
27.01.2024 22:00:00.000,8885,8885,8885,8885,0
28.01.2024 22:00:00.000,8885,8885,8885,8885,0
29.01.2024 22:00:00.000,8885,8885,8885,8885,0
30.01.2024 22:00:00.000,8885,8885,8885,8885,0
31.01.2024 22:00:00.000,8885,8885,8885,8885,0
01.02.2024 22:00:00.000,8885,8885,8885,8885,0
02.02.2024 22:00:00.000,8885,8885,8885,8885,0
03.02.2024 22:00:00.000,8885,8885,8885,8885,0
04.02.2024 22:00:00.000,8885,8885,8885,8885,0
05.02.2024 22:00:00.000,8885,8885,8885,8885,0
06.02.2024 22:00:00.000,8885,8885,8885,8885,0
07.02.2024 22:00:00.000,8885,8885,8885,8885,0
08.02.2024 22:00:00.000,8885,8885,8885,8885,0
09.02.2024 22:00:00.000,8885,8885,8885,8885,0
10.02.2024 22:00:00.000,8885,8885,8885,8885,0
11.02.2024 22:00:00.000,8885,8885,8885,8885,0
12.02.2024 22:00:00.000,8885,8885,8885,8885,0
13.02.2024 22:00:00.000,8885,8885,8885,8885,0
14.02.2024 22:00:00.000,8885,8885,8885,8885,0
15.02.2024 22:00:00.000,8885,8885,8885,8885,0
16.02.2024 22:00:00.000,8885,8885,8885,8885,0
17.02.2024 22:00:00.000,8885,8885,8885,8885,0
18.02.2024 22:00:00.000,8885,8885,8885,8885,0
19.02.2024 22:00:00.000,8885,8885,8885,8885,0
20.02.2024 22:00:00.000,8885,8885,8885,8885,0
21.02.2024 22:00:00.000,8885,8885,8885,8885,0
22.02.2024 22:00:00.000,8885,8885,8885,8885,0
23.02.2024 22:00:00.000,8885,8885,8885,8885,0
24.02.2024 22:00:00.000,8885,8885,8885,8885,0
25.02.2024 22:00:00.000,8885,8885,8885,8885,0
26.02.2024 22:00:00.000,8885,8885,8885,8885,0
27.02.2024 22:00:00.000,8885,8885,8885,8885,0
28.02.2024 22:00:00.000,8885,8885,8885,8885,0
29.02.2024 22:00:00.000,8885,8885,8885,8885,0
01.03.2024 22:00:00.000,8885,8885,8885,8885,0
02.03.2024 22:00:00.000,8885,8885,8885,8885,0
03.03.2024 22:00:00.000,8885,8885,8885,8885,0
04.03.2024 22:00:00.000,8885,8885,8885,8885,0
05.03.2024 22:00:00.000,8885,8885,8885,8885,0
06.03.2024 22:00:00.000,8885,8885,8885,8885,0
07.03.2024 22:00:00.000,8885,8885,8885,8885,0
08.03.2024 22:00:00.000,8885,8885,8885,8885,0
09.03.2024 22:00:00.000,8885,8885,8885,8885,0
10.03.2024 21:00:00.000,8885,8885,8885,8885,0
11.03.2024 21:00:00.000,8885,8885,8885,8885,0
12.03.2024 21:00:00.000,8885,8885,8885,8885,0
13.03.2024 21:00:00.000,8885,8885,8885,8885,0
14.03.2024 21:00:00.000,8885,8885,8885,8885,0
15.03.2024 21:00:00.000,8885,8885,8885,8885,0
16.03.2024 21:00:00.000,8885,8885,8885,8885,0
17.03.2024 21:00:00.000,8885,8885,8885,8885,0
18.03.2024 21:00:00.000,8885,8885,8885,8885,0
19.03.2024 21:00:00.000,8885,8885,8885,8885,0
20.03.2024 21:00:00.000,8885,8885,8885,8885,0
21.03.2024 21:00:00.000,8885,8885,8885,8885,0
22.03.2024 21:00:00.000,8885,8885,8885,8885,0
23.03.2024 21:00:00.000,8885,8885,8885,8885,0
24.03.2024 21:00:00.000,8885,8885,8885,8885,0
25.03.2024 21:00:00.000,8885,8885,8885,8885,0
26.03.2024 21:00:00.000,8885,8885,8885,8885,0
27.03.2024 21:00:00.000,8885,8885,8885,8885,0
28.03.2024 21:00:00.000,8885,8885,8885,8885,0
29.03.2024 21:00:00.000,8885,8885,8885,8885,0
30.03.2024 21:00:00.000,8885,8885,8885,8885,0
31.03.2024 21:00:00.000,8885,8885,8885,8885,0
01.04.2024 21:00:00.000,8885,8885,8885,8885,0
02.04.2024 21:00:00.000,8885,8885,8885,8885,0
03.04.2024 21:00:00.000,8885,8885,8885,8885,0
04.04.2024 21:00:00.000,8885,8885,8885,8885,0
05.04.2024 21:00:00.000,8885,8885,8885,8885,0
06.04.2024 21:00:00.000,8885,8885,8885,8885,0
07.04.2024 21:00:00.000,8885,8885,8885,8885,0
08.04.2024 21:00:00.000,8885,8885,8885,8885,0
09.04.2024 21:00:00.000,8885,8885,8885,8885,0
10.04.2024 21:00:00.000,8885,8885,8885,8885,0
11.04.2024 21:00:00.000,8885,8885,8885,8885,0
12.04.2024 21:00:00.000,8885,8885,8885,8885,0
13.04.2024 21:00:00.000,8885,8885,8885,8885,0
14.04.2024 21:00:00.000,8885,8885,8885,8885,0
15.04.2024 21:00:00.000,8885,8885,8885,8885,0
16.04.2024 21:00:00.000,8885,8885,8885,8885,0
17.04.2024 21:00:00.000,8885,8885,8885,8885,0
18.04.2024 21:00:00.000,8885,8885,8885,8885,0
19.04.2024 21:00:00.000,8885,8885,8885,8885,0
20.04.2024 21:00:00.000,8885,8885,8885,8885,0
21.04.2024 21:00:00.000,8885,8885,8885,8885,0
22.04.2024 21:00:00.000,8885,8885,8885,8885,0
23.04.2024 21:00:00.000,8885,8885,8885,8885,0
24.04.2024 21:00:00.000,8885,8885,8885,8885,0
25.04.2024 21:00:00.000,8885,8885,8885,8885,0
26.04.2024 21:00:00.000,8885,8885,8885,8885,0
27.04.2024 21:00:00.000,8885,8885,8885,8885,0
28.04.2024 21:00:00.000,8885,8885,8885,8885,0
29.04.2024 21:00:00.000,8885,8885,8885,8885,0
30.04.2024 21:00:00.000,8885,8885,8885,8885,0
01.05.2024 21:00:00.000,8885,8885,8885,8885,0
02.05.2024 21:00:00.000,8885,8885,8885,8885,0
03.05.2024 21:00:00.000,8885,8885,8885,8885,0
04.05.2024 21:00:00.000,8885,8885,8885,8885,0
05.05.2024 21:00:00.000,8885,8885,8885,8885,0
06.05.2024 21:00:00.000,8885,8885,8885,8885,0
07.05.2024 21:00:00.000,8885,8885,8885,8885,0
08.05.2024 21:00:00.000,8885,8885,8885,8885,0
09.05.2024 21:00:00.000,8885,8885,8885,8885,0
10.05.2024 21:00:00.000,8885,8885,8885,8885,0
11.05.2024 21:00:00.000,8885,8885,8885,8885,0
12.05.2024 21:00:00.000,8885,8885,8885,8885,0
13.05.2024 21:00:00.000,8885,8885,8885,8885,0
14.05.2024 21:00:00.000,8885,8885,8885,8885,0
15.05.2024 21:00:00.000,8885,8885,8885,8885,0
16.05.2024 21:00:00.000,8885,8885,8885,8885,0
17.05.2024 21:00:00.000,8885,8885,8885,8885,0
18.05.2024 21:00:00.000,8885,8885,8885,8885,0
19.05.2024 21:00:00.000,8885,8885,8885,8885,0
20.05.2024 21:00:00.000,8885,8885,8885,8885,0
21.05.2024 21:00:00.000,8885,8885,8885,8885,0
22.05.2024 21:00:00.000,8885,8885,8885,8885,0
23.05.2024 21:00:00.000,8885,8885,8885,8885,0
24.05.2024 21:00:00.000,8885,8885,8885,8885,0
25.05.2024 21:00:00.000,8885,8885,8885,8885,0
26.05.2024 21:00:00.000,8885,8885,8885,8885,0
27.05.2024 21:00:00.000,8885,8885,8885,8885,0
28.05.2024 21:00:00.000,8885,8885,8885,8885,0
29.05.2024 21:00:00.000,8885,8885,8885,8885,0
30.05.2024 21:00:00.000,8885,8885,8885,8885,0
31.05.2024 21:00:00.000,8885,8885,8885,8885,0
01.06.2024 21:00:00.000,8885,8885,8885,8885,0
02.06.2024 21:00:00.000,8885,8885,8885,8885,0
03.06.2024 21:00:00.000,8885,8885,8885,8885,0
04.06.2024 21:00:00.000,8885,8885,8885,8885,0
05.06.2024 21:00:00.000,8885,8885,8885,8885,0
06.06.2024 21:00:00.000,8885,8885,8885,8885,0
07.06.2024 21:00:00.000,8885,8885,8885,8885,0
08.06.2024 21:00:00.000,8885,8885,8885,8885,0
09.06.2024 21:00:00.000,8885,8885,8885,8885,0
10.06.2024 21:00:00.000,8885,8885,8885,8885,0
11.06.2024 21:00:00.000,8885,8885,8885,8885,0
12.06.2024 21:00:00.000,8885,8885,8885,8885,0
13.06.2024 21:00:00.000,8885,8885,8885,8885,0
14.06.2024 21:00:00.000,8885,8885,8885,8885,0
15.06.2024 21:00:00.000,8885,8885,8885,8885,0
16.06.2024 21:00:00.000,8885,8885,8885,8885,0
17.06.2024 21:00:00.000,8885,8885,8885,8885,0
18.06.2024 21:00:00.000,8885,8885,8885,8885,0
19.06.2024 21:00:00.000,8885,8885,8885,8885,0
20.06.2024 21:00:00.000,8885,8885,8885,8885,0
21.06.2024 21:00:00.000,8885,8885,8885,8885,0
22.06.2024 21:00:00.000,8885,8885,8885,8885,0
23.06.2024 21:00:00.000,8885,8885,8885,8885,0
24.06.2024 21:00:00.000,8885,8885,8885,8885,0
25.06.2024 21:00:00.000,8885,8885,8885,8885,0
26.06.2024 21:00:00.000,8885,8885,1777,1777,0
27.06.2024 21:00:00.000,1777,1777,1777,1777,0
28.06.2024 21:00:00.000,1777,1777,1777,1777,0
29.06.2024 21:00:00.000,1777,1777,1777,1777,0
30.06.2024 21:00:00.000,1777,1777,1777,1777,0
01.07.2024 21:00:00.000,1777,1777,1777,1777,0
02.07.2024 21:00:00.000,1777,1777,1777,1777,0
03.07.2024 21:00:00.000,1777,1777,1777,1777,0
04.07.2024 21:00:00.000,1777,1777,1777,1777,0
05.07.2024 21:00:00.000,1777,1777,1777,1777,0
06.07.2024 21:00:00.000,1777,1777,1777,1777,0
07.07.2024 21:00:00.000,1777,1777,1777,1777,0
08.07.2024 21:00:00.000,1777,1777,1777,1777,0
09.07.2024 21:00:00.000,1777,1777,1777,1777,0
10.07.2024 21:00:00.000,1777,1777,1777,1777,0
11.07.2024 21:00:00.000,1777,1777,1777,1777,0
12.07.2024 21:00:00.000,1777,1777,1777,1777,0
13.07.2024 21:00:00.000,1777,1777,1777,1777,0
14.07.2024 21:00:00.000,1777,1777,1777,1777,0
15.07.2024 21:00:00.000,1777,1777,1777,1777,0
16.07.2024 21:00:00.000,1777,1777,1777,1777,0
17.07.2024 21:00:00.000,1777,1777,1777,1777,0
18.07.2024 21:00:00.000,1777,1777,1777,1777,0
19.07.2024 21:00:00.000,1777,1777,1777,1777,0
20.07.2024 21:00:00.000,1777,1777,1777,1777,0
21.07.2024 21:00:00.000,1777,1777,1777,1777,0
22.07.2024 21:00:00.000,1777,1777,1777,1777,0
23.07.2024 21:00:00.000,1777,1777,1777,1777,0
24.07.2024 21:00:00.000,1777,1777,1777,1777,0
25.07.2024 21:00:00.000,1777,1777,1777,1777,0
26.07.2024 21:00:00.000,1777,1777,1777,1777,0
27.07.2024 21:00:00.000,1777,1777,1777,1777,0
28.07.2024 21:00:00.000,1777,1777,1777,1777,0
29.07.2024 21:00:00.000,1777,1777,1777,1777,0
30.07.2024 21:00:00.000,1777,1777,1777,1777,0
31.07.2024 21:00:00.000,1777,1777,1777,1777,0
01.08.2024 21:00:00.000,1777,1777,1777,1777,0
02.08.2024 21:00:00.000,1777,1777,1777,1777,0
03.08.2024 21:00:00.000,1777,1777,1777,1777,0